novelty,uncertainty,task_relevance,temporal_importance,resource_cost,raw_voi_score,voi_score,decision,timestamp,metadata,observation_id,class_id,class_name
0.00834004394710064,4.146883657085709e-05,0.10000338405370712,0.0,0.504915177822113,-0.07930605619694689,0.0,DISCARD,,"{'weights': {'novelty': 0.2, 'uncertainty': 0.2, 'task_relevance': 0.2, 'temporal_importance': 0.2, 'resource_cost': 0.2}, 'thresholds': {'discard_max': 0.25, 'buffer_max': 0.5, 'summary_max': 0.7}}",cwru_098_w0000_test,0,Normal
0.004325495101511478,4.942706800648011e-05,0.10000409930944443,0.24794551730155945,0.504915177822113,-0.03051812780831825,0.0,DISCARD,,"{'weights': {'novelty': 0.2, 'uncertainty': 0.2, 'task_relevance': 0.2, 'temporal_importance': 0.2, 'resource_cost': 0.2}, 'thresholds': {'discard_max': 0.25, 'buffer_max': 0.5, 'summary_max': 0.7}}",cwru_098_w0001_test,0,Normal
0.006052600219845772,4.8468587920069695e-05,0.10000400990247726,0.24247197806835175,0.504915177822113,-0.031267624208703645,0.0,DISCARD,,"{'weights': {'novelty': 0.2, 'uncertainty': 0.2, 'task_relevance': 0.2, 'temporal_importance': 0.2, 'resource_cost': 0.2}, 'thresholds': {'discard_max': 0.25, 'buffer_max': 0.5, 'summary_max': 0.7}}",cwru_098_w0002_test,0,Normal
0.002556541236117482,4.612589327734895e-05,0.10000380873680115,0.24720844626426697,0.504915177822113,-0.03102005113833002,0.0,DISCARD,,"{'weights': {'novelty': 0.2, 'uncertainty': 0.2, 'task_relevance': 0.2, 'temporal_importance': 0.2, 'resource_cost': 0.2}, 'thresholds': {'discard_max': 0.25, 'buffer_max': 0.5, 'summary_max': 0.7}}",cwru_098_w0003_test,0,Normal
0.0044304439797997475,4.7242865548469126e-05,0.10000389814376831,0.2491128295660019,0.504915177822113,-0.030264152653398935,0.0,DISCARD,,"{'weights': {'novelty': 0.2, 'uncertainty': 0.2, 'task_relevance': 0.2, 'temporal_importance': 0.2, 'resource_cost': 0.2}, 'thresholds': {'discard_max': 0.25, 'buffer_max': 0.5, 'summary_max': 0.7}}",cwru_098_w0004_test,0,Normal
0.0010772437090054154,4.723404344986193e-05,0.10000389814376831,0.24247877299785614,0.504915177822113,-0.032261605785606676,0.0,DISCARD,,"{'weights': {'novelty': 0.2, 'uncertainty': 0.2, 'task_relevance': 0.2, 'temporal_importance': 0.2, 'resource_cost': 0.2}, 'thresholds': {'discard_max': 0.25, 'buffer_max': 0.5, 'summary_max': 0.7}}",cwru_098_w0005_test,0,Normal
0.00407115975394845,5.387772762333043e-05,0.10000449419021606,0.2503911256790161,0.504915177822113,-0.030078904094261824,0.0,DISCARD,,"{'weights': {'novelty': 0.2, 'uncertainty': 0.2, 'task_relevance': 0.2, 'temporal_importance': 0.2, 'resource_cost': 0.2}, 'thresholds': {'discard_max': 0.25, 'buffer_max': 0.5, 'summary_max': 0.7}}",cwru_098_w0006_test,0,Normal
0.008395201526582241,4.33514614996966e-05,0.10000354796648026,0.2541019916534424,0.504915177822113,-0.0284742170428217,0.0,DISCARD,,"{'weights': {'novelty': 0.2, 'uncertainty': 0.2, 'task_relevance': 0.2, 'temporal_importance': 0.2, 'resource_cost': 0.2}, 'thresholds': {'discard_max': 0.25, 'buffer_max': 0.5, 'summary_max': 0.7}}",cwru_098_w0007_test,0,Normal
0.00046738385572098196,5.027555380365811e-05,0.1000041663646698,0.25041085481643677,0.504915177822113,-0.030796499446296366,0.0,DISCARD,,"{'weights': {'novelty': 0.2, 'uncertainty': 0.2, 'task_relevance': 0.2, 'temporal_importance': 0.2, 'resource_cost': 0.2}, 'thresholds': {'discard_max': 0.25, 'buffer_max': 0.5, 'summary_max': 0.7}}",cwru_098_w0008_test,0,Normal
0.003230192931368947,4.614400677382946e-05,0.10000380873680115,0.24735400080680847,0.504915177822113,-0.03085620626807213,0.0,DISCARD,,"{'weights': {'novelty': 0.2, 'uncertainty': 0.2, 'task_relevance': 0.2, 'temporal_importance': 0.2, 'resource_cost': 0.2}, 'thresholds': {'discard_max': 0.25, 'buffer_max': 0.5, 'summary_max': 0.7}}",cwru_098_w0009_test,0,Normal
0.002485081786289811,4.574536069412716e-05,0.10000377893447876,0.24655625224113464,0.504915177822113,-0.031164863899903153,0.0,DISCARD,,"{'weights': {'novelty': 0.2, 'uncertainty': 0.2, 'task_relevance': 0.2, 'temporal_importance': 0.2, 'resource_cost': 0.2}, 'thresholds': {'discard_max': 0.25, 'buffer_max': 0.5, 'summary_max': 0.7}}",cwru_098_w0010_test,0,Normal
0.008704204112291336,4.590406024362892e-05,0.10000377893447876,0.2467229813337326,0.504915177822113,-0.02988766187627334,0.0,DISCARD,,"{'weights': {'novelty': 0.2, 'uncertainty': 0.2, 'task_relevance': 0.2, 'temporal_importance': 0.2, 'resource_cost': 0.2}, 'thresholds': {'discard_max': 0.25, 'buffer_max': 0.5, 'summary_max': 0.7}}",cwru_098_w0011_test,0,Normal
0.004676076117902994,4.926876135868952e-05,0.10000408440828323,0.24427370727062225,0.504915177822113,-0.031182408252789173,0.0,DISCARD,,"{'weights': {'novelty': 0.2, 'uncertainty': 0.2, 'task_relevance': 0.2, 'temporal_importance': 0.2, 'resource_cost': 0.2}, 'thresholds': {'discard_max': 0.25, 'buffer_max': 0.5, 'summary_max': 0.7}}",cwru_098_w0012_test,0,Normal
0.003981007728725672,5.234296259004623e-05,0.10000435262918472,0.2470003366470337,0.504915177822113,-0.03077542757091578,0.0,DISCARD,,"{'weights': {'novelty': 0.2, 'uncertainty': 0.2, 'task_relevance': 0.2, 'temporal_importance': 0.2, 'resource_cost': 0.2}, 'thresholds': {'discard_max': 0.25, 'buffer_max': 0.5, 'summary_max': 0.7}}",cwru_098_w0013_test,0,Normal
0.0022015948779881,4.934193566441536e-05,0.10000409185886383,0.2480957806110382,0.504915177822113,-0.030912873707711702,0.0,DISCARD,,"{'weights': {'novelty': 0.2, 'uncertainty': 0.2, 'task_relevance': 0.2, 'temporal_importance': 0.2, 'resource_cost': 0.2}, 'thresholds': {'discard_max': 0.25, 'buffer_max': 0.5, 'summary_max': 0.7}}",cwru_098_w0014_test,0,Normal
0.0018576516304165125,5.766790854977444e-05,0.10000482946634293,0.24658073484897614,0.504915177822113,-0.03128285879356554,0.0,DISCARD,,"{'weights': {'novelty': 0.2, 'uncertainty': 0.2, 'task_relevance': 0.2, 'temporal_importance': 0.2, 'resource_cost': 0.2}, 'thresholds': {'discard_max': 0.25, 'buffer_max': 0.5, 'summary_max': 0.7}}",cwru_098_w0015_test,0,Normal
0.009591289795935154,4.7130684833973646e-05,0.10000389069318771,0.24256770312786102,0.504915177822113,-0.030541032704059043,0.0,DISCARD,,"{'weights': {'novelty': 0.2, 'uncertainty': 0.2, 'task_relevance': 0.2, 'temporal_importance': 0.2, 'resource_cost': 0.2}, 'thresholds': {'discard_max': 0.25, 'buffer_max': 0.5, 'summary_max': 0.7}}",cwru_098_w0016_test,0,Normal
0.014032700099050999,4.7824709326960146e-05,0.10000396519899368,0.24340826272964478,0.504915177822113,-0.029484485017019335,0.0,DISCARD,,"{'weights': {'novelty': 0.2, 'uncertainty': 0.2, 'task_relevance': 0.2, 'temporal_importance': 0.2, 'resource_cost': 0.2}, 'thresholds': {'discard_max': 0.25, 'buffer_max': 0.5, 'summary_max': 0.7}}",cwru_098_w0017_test,0,Normal
0.004304390400648117,5.58037354494445e-05,0.1000046655535698,0.24535490572452545,0.504915177822113,-0.031039082481584046,0.0,DISCARD,,"{'weights': {'novelty': 0.2, 'uncertainty': 0.2, 'task_relevance': 0.2, 'temporal_importance': 0.2, 'resource_cost': 0.2}, 'thresholds': {'discard_max': 0.25, 'buffer_max': 0.5, 'summary_max': 0.7}}",cwru_098_w0018_test,0,Normal
0.009476643986999989,4.40310213889461e-05,0.10000362247228622,0.24039122462272644,0.504915177822113,-0.03099993114374229,0.0,DISCARD,,"{'weights': {'novelty': 0.2, 'uncertainty': 0.2, 'task_relevance': 0.2, 'temporal_importance': 0.2, 'resource_cost': 0.2}, 'thresholds': {'discard_max': 0.25, 'buffer_max': 0.5, 'summary_max': 0.7}}",cwru_098_w0019_test,0,Normal
0.0014210714725777507,5.3553612815449014e-05,0.10000445693731308,0.2498176246881485,0.504915177822113,-0.030723694222251657,0.0,DISCARD,,"{'weights': {'novelty': 0.2, 'uncertainty': 0.2, 'task_relevance': 0.2, 'temporal_importance': 0.2, 'resource_cost': 0.2}, 'thresholds': {'discard_max': 0.25, 'buffer_max': 0.5, 'summary_max': 0.7}}",cwru_098_w0020_test,0,Normal
0.010812549851834774,4.4945049012312666e-05,0.1000036969780922,0.2551386058330536,0.504915177822113,-0.02778307602202404,0.0,DISCARD,,"{'weights': {'novelty': 0.2, 'uncertainty': 0.2, 'task_relevance': 0.2, 'temporal_importance': 0.2, 'resource_cost': 0.2}, 'thresholds': {'discard_max': 0.25, 'buffer_max': 0.5, 'summary_max': 0.7}}",cwru_098_w0021_test,0,Normal
0.00010520587238715962,4.9883692554431036e-05,0.1000041514635086,0.24477945268154144,0.504915177822113,-0.03199529682242429,0.0,DISCARD,,"{'weights': {'novelty': 0.2, 'uncertainty': 0.2, 'task_relevance': 0.2, 'temporal_importance': 0.2, 'resource_cost': 0.2}, 'thresholds': {'discard_max': 0.25, 'buffer_max': 0.5, 'summary_max': 0.7}}",cwru_098_w0022_test,0,Normal
0.0036796354688704014,4.6413595555350184e-05,0.10000383853912354,0.24891014397144318,0.504915177822113,-0.030455029249424115,0.0,DISCARD,,"{'weights': {'novelty': 0.2, 'uncertainty': 0.2, 'task_relevance': 0.2, 'temporal_importance': 0.2, 'resource_cost': 0.2}, 'thresholds': {'discard_max': 0.25, 'buffer_max': 0.5, 'summary_max': 0.7}}",cwru_098_w0023_test,0,Normal
0.004165235441178083,4.613616329152137e-05,0.10000380873680115,0.24405136704444885,0.504915177822113,-0.0313297260872787,0.0,DISCARD,,"{'weights': {'novelty': 0.2, 'uncertainty': 0.2, 'task_relevance': 0.2, 'temporal_importance': 0.2, 'resource_cost': 0.2}, 'thresholds': {'discard_max': 0.25, 'buffer_max': 0.5, 'summary_max': 0.7}}",cwru_098_w0024_test,0,Normal
0.00029367671231739223,5.04310846736189e-05,0.10000421106815338,0.2518044114112854,0.504915177822113,-0.030552489509136666,0.0,DISCARD,,"{'weights': {'novelty': 0.2, 'uncertainty': 0.2, 'task_relevance': 0.2, 'temporal_importance': 0.2, 'resource_cost': 0.2}, 'thresholds': {'discard_max': 0.25, 'buffer_max': 0.5, 'summary_max': 0.7}}",cwru_098_w0025_test,0,Normal
0.009926940314471722,3.8506939745275304e-05,0.10000313073396683,0.24393370747566223,0.504915177822113,-0.030202578471653405,0.0,DISCARD,,"{'weights': {'novelty': 0.2, 'uncertainty': 0.2, 'task_relevance': 0.2, 'temporal_importance': 0.2, 'resource_cost': 0.2}, 'thresholds': {'discard_max': 0.25, 'buffer_max': 0.5, 'summary_max': 0.7}}",cwru_098_w0026_test,0,Normal
0.0018279394134879112,4.75780907436274e-05,0.1000039130449295,0.24324914813041687,0.504915177822113,-0.031957319828507025,0.0,DISCARD,,"{'weights': {'novelty': 0.2, 'uncertainty': 0.2, 'task_relevance': 0.2, 'temporal_importance': 0.2, 'resource_cost': 0.2}, 'thresholds': {'discard_max': 0.25, 'buffer_max': 0.5, 'summary_max': 0.7}}",cwru_098_w0027_test,0,Normal
0.002454273169860244,5.49825381312985e-05,0.10000459849834442,0.2503392994403839,0.504915177822113,-0.03041240483507865,0.0,DISCARD,,"{'weights': {'novelty': 0.2, 'uncertainty': 0.2, 'task_relevance': 0.2, 'temporal_importance': 0.2, 'resource_cost': 0.2}, 'thresholds': {'discard_max': 0.25, 'buffer_max': 0.5, 'summary_max': 0.7}}",cwru_098_w0028_test,0,Normal
0.012185907922685146,4.0842805901775137e-05,0.10000333935022354,0.23929493129253387,0.504915177822113,-0.030678031290153743,0.0,DISCARD,,"{'weights': {'novelty': 0.2, 'uncertainty': 0.2, 'task_relevance': 0.2, 'temporal_importance': 0.2, 'resource_cost': 0.2}, 'thresholds': {'discard_max': 0.25, 'buffer_max': 0.5, 'summary_max': 0.7}}",cwru_098_w0029_test,0,Normal
0.004175330512225628,4.452431676327251e-05,0.1000036746263504,0.24807950854301453,0.504915177822113,-0.030522427964751853,0.0,DISCARD,,"{'weights': {'novelty': 0.2, 'uncertainty': 0.2, 'task_relevance': 0.2, 'temporal_importance': 0.2, 'resource_cost': 0.2}, 'thresholds': {'discard_max': 0.25, 'buffer_max': 0.5, 'summary_max': 0.7}}",cwru_098_w0030_test,0,Normal
0.005140477325767279,5.01992144563701e-05,0.100004181265831,0.25203317403793335,0.504915177822113,-0.02953742919562502,0.0,DISCARD,,"{'weights': {'novelty': 0.2, 'uncertainty': 0.2, 'task_relevance': 0.2, 'temporal_importance': 0.2, 'resource_cost': 0.2}, 'thresholds': {'discard_max': 0.25, 'buffer_max': 0.5, 'summary_max': 0.7}}",cwru_098_w0031_test,0,Normal
0.0005137014668434858,4.604497735272162e-05,0.10000379383563995,0.2505719065666199,0.504915177822113,-0.030755946195131403,0.0,DISCARD,,"{'weights': {'novelty': 0.2, 'uncertainty': 0.2, 'task_relevance': 0.2, 'temporal_importance': 0.2, 'resource_cost': 0.2}, 'thresholds': {'discard_max': 0.25, 'buffer_max': 0.5, 'summary_max': 0.7}}",cwru_098_w0032_test,0,Normal
0.007335369940847158,5.5294804042205215e-05,0.1000046357512474,0.24865010380744934,0.504915177822113,-0.02977395470370539,0.0,DISCARD,,"{'weights': {'novelty': 0.2, 'uncertainty': 0.2, 'task_relevance': 0.2, 'temporal_importance': 0.2, 'resource_cost': 0.2}, 'thresholds': {'discard_max': 0.25, 'buffer_max': 0.5, 'summary_max': 0.7}}",cwru_098_w0033_test,0,Normal
0.0021366740111261606,5.249589594313875e-05,0.10000436753034592,0.24839822947978973,0.504915177822113,-0.030864682180981623,0.0,DISCARD,,"{'weights': {'novelty': 0.2, 'uncertainty': 0.2, 'task_relevance': 0.2, 'temporal_importance': 0.2, 'resource_cost': 0.2}, 'thresholds': {'discard_max': 0.25, 'buffer_max': 0.5, 'summary_max': 0.7}}",cwru_098_w0034_test,0,Normal
0.002781488001346588,5.0253172958036885e-05,0.10000418871641159,0.25102269649505615,0.504915177822113,-0.030211310287268145,0.0,DISCARD,,"{'weights': {'novelty': 0.2, 'uncertainty': 0.2, 'task_relevance': 0.2, 'temporal_importance': 0.2, 'resource_cost': 0.2}, 'thresholds': {'discard_max': 0.25, 'buffer_max': 0.5, 'summary_max': 0.7}}",cwru_098_w0035_test,0,Normal
0.0037748876493424177,4.3252453906461596e-05,0.10000355541706085,0.25092101097106934,0.504915177822113,-0.030034494266146794,0.0,DISCARD,,"{'weights': {'novelty': 0.2, 'uncertainty': 0.2, 'task_relevance': 0.2, 'temporal_importance': 0.2, 'resource_cost': 0.2}, 'thresholds': {'discard_max': 0.25, 'buffer_max': 0.5, 'summary_max': 0.7}}",cwru_098_w0036_test,0,Normal
0.008699165657162666,4.616831574821845e-05,0.10000380873680115,0.2512204349040985,0.504915177822113,-0.0289891200416605,0.0,DISCARD,,"{'weights': {'novelty': 0.2, 'uncertainty': 0.2, 'task_relevance': 0.2, 'temporal_importance': 0.2, 'resource_cost': 0.2}, 'thresholds': {'discard_max': 0.25, 'buffer_max': 0.5, 'summary_max': 0.7}}",cwru_098_w0037_test,0,Normal
0.005166408605873585,5.144306487636641e-05,0.10000427812337875,0.2511906623840332,0.504915177822113,-0.02970047712879023,0.0,DISCARD,,"{'weights': {'novelty': 0.2, 'uncertainty': 0.2, 'task_relevance': 0.2, 'temporal_importance': 0.2, 'resource_cost': 0.2}, 'thresholds': {'discard_max': 0.25, 'buffer_max': 0.5, 'summary_max': 0.7}}",cwru_098_w0038_test,0,Normal
0.0008545950404368341,4.9725505959941074e-05,0.10000412911176682,0.24789182841777802,0.504915177822113,-0.031222979949234286,0.0,DISCARD,,"{'weights': {'novelty': 0.2, 'uncertainty': 0.2, 'task_relevance': 0.2, 'temporal_importance': 0.2, 'resource_cost': 0.2}, 'thresholds': {'discard_max': 0.25, 'buffer_max': 0.5, 'summary_max': 0.7}}",cwru_098_w0039_test,0,Normal
0.006751824636012316,5.0322360038990155e-05,0.1000041738152504,0.2504338324069977,0.504915177822113,-0.029535004920762747,0.0,DISCARD,,"{'weights': {'novelty': 0.2, 'uncertainty': 0.2, 'task_relevance': 0.2, 'temporal_importance': 0.2, 'resource_cost': 0.2}, 'thresholds': {'discard_max': 0.25, 'buffer_max': 0.5, 'summary_max': 0.7}}",cwru_098_w0040_test,0,Normal
0.004351102281361818,4.1999413951998577e-05,0.1000034436583519,0.24755549430847168,0.504915177822113,-0.030592627631995134,0.0,DISCARD,,"{'weights': {'novelty': 0.2, 'uncertainty': 0.2, 'task_relevance': 0.2, 'temporal_importance': 0.2, 'resource_cost': 0.2}, 'thresholds': {'discard_max': 0.25, 'buffer_max': 0.5, 'summary_max': 0.7}}",cwru_098_w0041_test,0,Normal
0.0,5.037059963797219e-05,0.1000041738152504,0.2496616691350937,0.504915177822113,-0.031039792854426207,0.0,DISCARD,,"{'weights': {'novelty': 0.2, 'uncertainty': 0.2, 'task_relevance': 0.2, 'temporal_importance': 0.2, 'resource_cost': 0.2}, 'thresholds': {'discard_max': 0.25, 'buffer_max': 0.5, 'summary_max': 0.7}}",cwru_098_w0042_test,0,Normal
0.005935200955718756,5.7477449445286766e-05,0.10000483691692352,0.24566185474395752,0.504915177822113,-0.0306511615512136,0.0,DISCARD,,"{'weights': {'novelty': 0.2, 'uncertainty': 0.2, 'task_relevance': 0.2, 'temporal_importance': 0.2, 'resource_cost': 0.2}, 'thresholds': {'discard_max': 0.25, 'buffer_max': 0.5, 'summary_max': 0.7}}",cwru_098_w0043_test,0,Normal
0.0011682541808113456,4.67585377919022e-05,0.10000384598970413,0.24988454580307007,0.504915177822113,-0.03076235466214712,0.0,DISCARD,,"{'weights': {'novelty': 0.2, 'uncertainty': 0.2, 'task_relevance': 0.2, 'temporal_importance': 0.2, 'resource_cost': 0.2}, 'thresholds': {'discard_max': 0.25, 'buffer_max': 0.5, 'summary_max': 0.7}}",cwru_098_w0044_test,0,Normal
0.006556671112775803,4.810903192264959e-05,0.10000397264957428,0.24158410727977753,0.504915177822113,-0.03134446354961257,0.0,DISCARD,,"{'weights': {'novelty': 0.2, 'uncertainty': 0.2, 'task_relevance': 0.2, 'temporal_importance': 0.2, 'resource_cost': 0.2}, 'thresholds': {'discard_max': 0.25, 'buffer_max': 0.5, 'summary_max': 0.7}}",cwru_098_w0045_test,0,Normal
0.004927454050630331,5.4292268032440916e-05,0.10000452399253845,0.2456810474395752,0.504915177822113,-0.03084957201426733,0.0,DISCARD,,"{'weights': {'novelty': 0.2, 'uncertainty': 0.2, 'task_relevance': 0.2, 'temporal_importance': 0.2, 'resource_cost': 0.2}, 'thresholds': {'discard_max': 0.25, 'buffer_max': 0.5, 'summary_max': 0.7}}",cwru_098_w0046_test,0,Normal
0.010094236582517624,4.555241685011424e-05,0.10000375658273697,0.24875466525554657,0.504915177822113,-0.02920339339689236,0.0,DISCARD,,"{'weights': {'novelty': 0.2, 'uncertainty': 0.2, 'task_relevance': 0.2, 'temporal_importance': 0.2, 'resource_cost': 0.2}, 'thresholds': {'discard_max': 0.25, 'buffer_max': 0.5, 'summary_max': 0.7}}",cwru_098_w0047_test,0,Normal
0.005095718428492546,4.6286626457003877e-05,0.10000382363796234,0.24432791769504547,0.504915177822113,-0.031088286286831135,0.0,DISCARD,,"{'weights': {'novelty': 0.2, 'uncertainty': 0.2, 'task_relevance': 0.2, 'temporal_importance': 0.2, 'resource_cost': 0.2}, 'thresholds': {'discard_max': 0.25, 'buffer_max': 0.5, 'summary_max': 0.7}}",cwru_098_w0048_test,0,Normal
0.0013878665631636977,4.956179691362195e-05,0.10000411421060562,0.24410808086395264,0.504915177822113,-0.0318731108774955,0.0,DISCARD,,"{'weights': {'novelty': 0.2, 'uncertainty': 0.2, 'task_relevance': 0.2, 'temporal_importance': 0.2, 'resource_cost': 0.2}, 'thresholds': {'discard_max': 0.25, 'buffer_max': 0.5, 'summary_max': 0.7}}",cwru_098_w0049_test,0,Normal
0.00169208156876266,4.564433038467541e-05,0.10000375658273697,0.2506974935531616,0.504915177822113,-0.030495240357413425,0.0,DISCARD,,"{'weights': {'novelty': 0.2, 'uncertainty': 0.2, 'task_relevance': 0.2, 'temporal_importance': 0.2, 'resource_cost': 0.2}, 'thresholds': {'discard_max': 0.25, 'buffer_max': 0.5, 'summary_max': 0.7}}",cwru_098_w0050_test,0,Normal
0.0,4.8351415898650885e-05,0.10000399500131607,0.24207155406475067,0.504915177822113,-0.03255825546802954,0.0,DISCARD,,"{'weights': {'novelty': 0.2, 'uncertainty': 0.2, 'task_relevance': 0.2, 'temporal_importance': 0.2, 'resource_cost': 0.2}, 'thresholds': {'discard_max': 0.25, 'buffer_max': 0.5, 'summary_max': 0.7}}",cwru_098_w0051_test,0,Normal
0.0012913800310343504,5.589351349044591e-05,0.10000467300415039,0.24062122404575348,0.504915177822113,-0.032588401445536874,0.0,DISCARD,,"{'weights': {'novelty': 0.2, 'uncertainty': 0.2, 'task_relevance': 0.2, 'temporal_importance': 0.2, 'resource_cost': 0.2}, 'thresholds': {'discard_max': 0.25, 'buffer_max': 0.5, 'summary_max': 0.7}}",cwru_098_w0052_test,0,Normal
0.007793499156832695,5.799433711217716e-05,0.10000486671924591,0.24810411036014557,0.504915177822113,-0.029790941449755345,0.0,DISCARD,,"{'weights': {'novelty': 0.2, 'uncertainty': 0.2, 'task_relevance': 0.2, 'temporal_importance': 0.2, 'resource_cost': 0.2}, 'thresholds': {'discard_max': 0.25, 'buffer_max': 0.5, 'summary_max': 0.7}}",cwru_098_w0053_test,0,Normal
0.0026781349442899227,5.2902592869941145e-05,0.1000044122338295,0.25392377376556396,0.504915177822113,-0.02965119085711196,0.0,DISCARD,,"{'weights': {'novelty': 0.2, 'uncertainty': 0.2, 'task_relevance': 0.2, 'temporal_importance': 0.2, 'resource_cost': 0.2}, 'thresholds': {'discard_max': 0.25, 'buffer_max': 0.5, 'summary_max': 0.7}}",cwru_098_w0054_test,0,Normal
0.0015950700035318732,4.776239438797347e-05,0.1000039353966713,0.2495923489332199,0.504915177822113,-0.0307352122188604,0.0,DISCARD,,"{'weights': {'novelty': 0.2, 'uncertainty': 0.2, 'task_relevance': 0.2, 'temporal_importance': 0.2, 'resource_cost': 0.2}, 'thresholds': {'discard_max': 0.25, 'buffer_max': 0.5, 'summary_max': 0.7}}",cwru_098_w0055_test,0,Normal
0.0008267849334515631,5.15391438966617e-05,0.10000428557395935,0.24952824413776398,0.504915177822113,-0.030900864806608308,0.0,DISCARD,,"{'weights': {'novelty': 0.2, 'uncertainty': 0.2, 'task_relevance': 0.2, 'temporal_importance': 0.2, 'resource_cost': 0.2}, 'thresholds': {'discard_max': 0.25, 'buffer_max': 0.5, 'summary_max': 0.7}}",cwru_098_w0056_test,0,Normal
0.001733511919155717,4.704120146925561e-05,0.10000388324260712,0.2530052661895752,0.504915177822113,-0.030025095053861153,0.0,DISCARD,,"{'weights': {'novelty': 0.2, 'uncertainty': 0.2, 'task_relevance': 0.2, 'temporal_importance': 0.2, 'resource_cost': 0.2}, 'thresholds': {'discard_max': 0.25, 'buffer_max': 0.5, 'summary_max': 0.7}}",cwru_098_w0057_test,0,Normal
0.8571341037750244,2.9702276151510887e-05,0.9999997019767761,0.0,0.504915177822113,0.2704496660411678,0.2704496660411678,BUFFER,,"{'weights': {'novelty': 0.2, 'uncertainty': 0.2, 'task_relevance': 0.2, 'temporal_importance': 0.2, 'resource_cost': 0.2}, 'thresholds': {'discard_max': 0.25, 'buffer_max': 0.5, 'summary_max': 0.7}}",cwru_172_w0000_test,1,Inner Race Fault
0.8721405267715454,1.7323176507488824e-05,0.9999998211860657,1.0,0.504915177822113,0.4734484986624012,0.4734484986624012,BUFFER,,"{'weights': {'novelty': 0.2, 'uncertainty': 0.2, 'task_relevance': 0.2, 'temporal_importance': 0.2, 'resource_cost': 0.2}, 'thresholds': {'discard_max': 0.25, 'buffer_max': 0.5, 'summary_max': 0.7}}",cwru_172_w0001_test,1,Inner Race Fault
0.8795759677886963,1.267220068257302e-05,0.9999998807907104,1.0,0.504915177822113,0.47493466859159533,0.47493466859159533,BUFFER,,"{'weights': {'novelty': 0.2, 'uncertainty': 0.2, 'task_relevance': 0.2, 'temporal_importance': 0.2, 'resource_cost': 0.2}, 'thresholds': {'discard_max': 0.25, 'buffer_max': 0.5, 'summary_max': 0.7}}",cwru_172_w0002_test,1,Inner Race Fault
0.8895619511604309,1.224350489792414e-05,0.9999998211860657,1.0,0.504915177822113,0.47693176760585637,0.47693176760585637,BUFFER,,"{'weights': {'novelty': 0.2, 'uncertainty': 0.2, 'task_relevance': 0.2, 'temporal_importance': 0.2, 'resource_cost': 0.2}, 'thresholds': {'discard_max': 0.25, 'buffer_max': 0.5, 'summary_max': 0.7}}",cwru_172_w0003_test,1,Inner Race Fault
0.8869871497154236,7.468842341040727e-06,0.9999998807907104,1.0,0.504915177822113,0.47641586430527244,0.47641586430527244,BUFFER,,"{'weights': {'novelty': 0.2, 'uncertainty': 0.2, 'task_relevance': 0.2, 'temporal_importance': 0.2, 'resource_cost': 0.2}, 'thresholds': {'discard_max': 0.25, 'buffer_max': 0.5, 'summary_max': 0.7}}",cwru_172_w0004_test,1,Inner Race Fault
0.8764589428901672,1.0215704605798237e-05,0.9999998807907104,1.0,0.504915177822113,0.4743107723126742,0.4743107723126742,BUFFER,,"{'weights': {'novelty': 0.2, 'uncertainty': 0.2, 'task_relevance': 0.2, 'temporal_importance': 0.2, 'resource_cost': 0.2}, 'thresholds': {'discard_max': 0.25, 'buffer_max': 0.5, 'summary_max': 0.7}}",cwru_172_w0005_test,1,Inner Race Fault
0.8777334094047546,1.3395804671745282e-05,0.9999998211860657,1.0,0.504915177822113,0.4745662897146758,0.4745662897146758,BUFFER,,"{'weights': {'novelty': 0.2, 'uncertainty': 0.2, 'task_relevance': 0.2, 'temporal_importance': 0.2, 'resource_cost': 0.2}, 'thresholds': {'discard_max': 0.25, 'buffer_max': 0.5, 'summary_max': 0.7}}",cwru_172_w0006_test,1,Inner Race Fault
0.8534657955169678,2.318862061656546e-05,0.9999998211860657,1.0,0.504915177822113,0.4697147255003074,0.4697147255003074,BUFFER,,"{'weights': {'novelty': 0.2, 'uncertainty': 0.2, 'task_relevance': 0.2, 'temporal_importance': 0.2, 'resource_cost': 0.2}, 'thresholds': {'discard_max': 0.25, 'buffer_max': 0.5, 'summary_max': 0.7}}",cwru_172_w0007_test,1,Inner Race Fault
0.8894803524017334,6.288829354161862e-06,0.9999999403953552,1.0,0.504915177822113,0.4769142807608659,0.4769142807608659,BUFFER,,"{'weights': {'novelty': 0.2, 'uncertainty': 0.2, 'task_relevance': 0.2, 'temporal_importance': 0.2, 'resource_cost': 0.2}, 'thresholds': {'discard_max': 0.25, 'buffer_max': 0.5, 'summary_max': 0.7}}",cwru_172_w0008_test,1,Inner Race Fault
0.8585930466651917,1.6986115952022374e-05,0.9999998211860657,1.0,0.504915177822113,0.4707389352290193,0.4707389352290193,BUFFER,,"{'weights': {'novelty': 0.2, 'uncertainty': 0.2, 'task_relevance': 0.2, 'temporal_importance': 0.2, 'resource_cost': 0.2}, 'thresholds': {'discard_max': 0.25, 'buffer_max': 0.5, 'summary_max': 0.7}}",cwru_172_w0009_test,1,Inner Race Fault
0.8775532841682434,7.4477075031609274e-06,0.9999998807907104,1.0,0.504915177822113,0.4745290869688689,0.4745290869688689,BUFFER,,"{'weights': {'novelty': 0.2, 'uncertainty': 0.2, 'task_relevance': 0.2, 'temporal_importance': 0.2, 'resource_cost': 0.2}, 'thresholds': {'discard_max': 0.25, 'buffer_max': 0.5, 'summary_max': 0.7}}",cwru_172_w0010_test,1,Inner Race Fault
0.8805704712867737,9.321573998022359e-06,0.9999999403953552,1.0,0.504915177822113,0.4751329110868027,0.4751329110868027,BUFFER,,"{'weights': {'novelty': 0.2, 'uncertainty': 0.2, 'task_relevance': 0.2, 'temporal_importance': 0.2, 'resource_cost': 0.2}, 'thresholds': {'discard_max': 0.25, 'buffer_max': 0.5, 'summary_max': 0.7}}",cwru_172_w0011_test,1,Inner Race Fault
0.8635465502738953,1.7405969629180618e-05,0.9999998807907104,1.0,0.504915177822113,0.47172973184242445,0.47172973184242445,BUFFER,,"{'weights': {'novelty': 0.2, 'uncertainty': 0.2, 'task_relevance': 0.2, 'temporal_importance': 0.2, 'resource_cost': 0.2}, 'thresholds': {'discard_max': 0.25, 'buffer_max': 0.5, 'summary_max': 0.7}}",cwru_172_w0012_test,1,Inner Race Fault
0.8567012548446655,2.872058939829003e-05,0.9999997615814209,1.0,0.504915177822113,0.47036291183867446,0.47036291183867446,BUFFER,,"{'weights': {'novelty': 0.2, 'uncertainty': 0.2, 'task_relevance': 0.2, 'temporal_importance': 0.2, 'resource_cost': 0.2}, 'thresholds': {'discard_max': 0.25, 'buffer_max': 0.5, 'summary_max': 0.7}}",cwru_172_w0013_test,1,Inner Race Fault
0.8675919771194458,2.0017492715851404e-05,0.9999998807907104,1.0,0.504915177822113,0.47253933951615185,0.47253933951615185,BUFFER,,"{'weights': {'novelty': 0.2, 'uncertainty': 0.2, 'task_relevance': 0.2, 'temporal_importance': 0.2, 'resource_cost': 0.2}, 'thresholds': {'discard_max': 0.25, 'buffer_max': 0.5, 'summary_max': 0.7}}",cwru_172_w0014_test,1,Inner Race Fault
0.8653458952903748,1.829104803618975e-05,0.9999998211860657,1.0,0.504915177822113,0.47208976594047275,0.47208976594047275,BUFFER,,"{'weights': {'novelty': 0.2, 'uncertainty': 0.2, 'task_relevance': 0.2, 'temporal_importance': 0.2, 'resource_cost': 0.2}, 'thresholds': {'discard_max': 0.25, 'buffer_max': 0.5, 'summary_max': 0.7}}",cwru_172_w0015_test,1,Inner Race Fault
0.8679404854774475,2.3000489818514325e-05,0.9999997615814209,1.0,0.504915177822113,0.4726096139453148,0.4726096139453148,BUFFER,,"{'weights': {'novelty': 0.2, 'uncertainty': 0.2, 'task_relevance': 0.2, 'temporal_importance': 0.2, 'resource_cost': 0.2}, 'thresholds': {'discard_max': 0.25, 'buffer_max': 0.5, 'summary_max': 0.7}}",cwru_172_w0016_test,1,Inner Race Fault
0.8705501556396484,1.7347947505186312e-05,0.9999998211860657,1.0,0.504915177822113,0.47313042939022126,0.47313042939022126,BUFFER,,"{'weights': {'novelty': 0.2, 'uncertainty': 0.2, 'task_relevance': 0.2, 'temporal_importance': 0.2, 'resource_cost': 0.2}, 'thresholds': {'discard_max': 0.25, 'buffer_max': 0.5, 'summary_max': 0.7}}",cwru_172_w0017_test,1,Inner Race Fault
0.8767249584197998,9.72626730799675e-06,0.9999998807907104,1.0,0.504915177822113,0.4743638775311411,0.4743638775311411,BUFFER,,"{'weights': {'novelty': 0.2, 'uncertainty': 0.2, 'task_relevance': 0.2, 'temporal_importance': 0.2, 'resource_cost': 0.2}, 'thresholds': {'discard_max': 0.25, 'buffer_max': 0.5, 'summary_max': 0.7}}",cwru_172_w0018_test,1,Inner Race Fault
0.8342084288597107,5.711678022635169e-05,0.9999994039535522,1.0,0.504915177822113,0.4658699543542752,0.4658699543542752,BUFFER,,"{'weights': {'novelty': 0.2, 'uncertainty': 0.2, 'task_relevance': 0.2, 'temporal_importance': 0.2, 'resource_cost': 0.2}, 'thresholds': {'discard_max': 0.25, 'buffer_max': 0.5, 'summary_max': 0.7}}",cwru_172_w0019_test,1,Inner Race Fault
0.8515589237213135,3.254790499340743e-05,0.9999996423721313,1.0,0.504915177822113,0.46933518723526507,0.46933518723526507,BUFFER,,"{'weights': {'novelty': 0.2, 'uncertainty': 0.2, 'task_relevance': 0.2, 'temporal_importance': 0.2, 'resource_cost': 0.2}, 'thresholds': {'discard_max': 0.25, 'buffer_max': 0.5, 'summary_max': 0.7}}",cwru_172_w0020_test,1,Inner Race Fault
0.8518921136856079,2.505691554688383e-05,0.9999997615814209,1.0,0.504915177822113,0.4694003508720925,0.4694003508720925,BUFFER,,"{'weights': {'novelty': 0.2, 'uncertainty': 0.2, 'task_relevance': 0.2, 'temporal_importance': 0.2, 'resource_cost': 0.2}, 'thresholds': {'discard_max': 0.25, 'buffer_max': 0.5, 'summary_max': 0.7}}",cwru_172_w0021_test,1,Inner Race Fault
0.8849232792854309,5.473400051414501e-06,0.9999999403953552,1.0,0.504915177822113,0.4760027030517449,0.4760027030517449,BUFFER,,"{'weights': {'novelty': 0.2, 'uncertainty': 0.2, 'task_relevance': 0.2, 'temporal_importance': 0.2, 'resource_cost': 0.2}, 'thresholds': {'discard_max': 0.25, 'buffer_max': 0.5, 'summary_max': 0.7}}",cwru_172_w0022_test,1,Inner Race Fault
0.8737608194351196,1.0257834219373763e-05,0.9999998807907104,1.0,0.504915177822113,0.4737711560475874,0.4737711560475874,BUFFER,,"{'weights': {'novelty': 0.2, 'uncertainty': 0.2, 'task_relevance': 0.2, 'temporal_importance': 0.2, 'resource_cost': 0.2}, 'thresholds': {'discard_max': 0.25, 'buffer_max': 0.5, 'summary_max': 0.7}}",cwru_172_w0023_test,1,Inner Race Fault
0.8747967481613159,1.22889350677724e-05,0.9999998807907104,1.0,0.504915177822113,0.47397874801299616,0.47397874801299616,BUFFER,,"{'weights': {'novelty': 0.2, 'uncertainty': 0.2, 'task_relevance': 0.2, 'temporal_importance': 0.2, 'resource_cost': 0.2}, 'thresholds': {'discard_max': 0.25, 'buffer_max': 0.5, 'summary_max': 0.7}}",cwru_172_w0024_test,1,Inner Race Fault
0.8841262459754944,1.2818167306249961e-05,0.9999998807907104,1.0,0.504915177822113,0.47584475342227955,0.47584475342227955,BUFFER,,"{'weights': {'novelty': 0.2, 'uncertainty': 0.2, 'task_relevance': 0.2, 'temporal_importance': 0.2, 'resource_cost': 0.2}, 'thresholds': {'discard_max': 0.25, 'buffer_max': 0.5, 'summary_max': 0.7}}",cwru_172_w0025_test,1,Inner Race Fault
0.8694603443145752,1.7481517716078088e-05,0.9999998807907104,1.0,0.504915177822113,0.4729125057601777,0.4729125057601777,BUFFER,,"{'weights': {'novelty': 0.2, 'uncertainty': 0.2, 'task_relevance': 0.2, 'temporal_importance': 0.2, 'resource_cost': 0.2}, 'thresholds': {'discard_max': 0.25, 'buffer_max': 0.5, 'summary_max': 0.7}}",cwru_172_w0026_test,1,Inner Race Fault
0.8539271354675293,4.418469688971527e-05,0.9999995231628418,1.0,0.504915177822113,0.46981113310102957,0.46981113310102957,BUFFER,,"{'weights': {'novelty': 0.2, 'uncertainty': 0.2, 'task_relevance': 0.2, 'temporal_importance': 0.2, 'resource_cost': 0.2}, 'thresholds': {'discard_max': 0.25, 'buffer_max': 0.5, 'summary_max': 0.7}}",cwru_172_w0027_test,1,Inner Race Fault
0.8791689872741699,1.1232985343667679e-05,0.9999998807907104,1.0,0.504915177822113,0.47485298464562214,0.47485298464562214,BUFFER,,"{'weights': {'novelty': 0.2, 'uncertainty': 0.2, 'task_relevance': 0.2, 'temporal_importance': 0.2, 'resource_cost': 0.2}, 'thresholds': {'discard_max': 0.25, 'buffer_max': 0.5, 'summary_max': 0.7}}",cwru_172_w0028_test,1,Inner Race Fault
0.861524224281311,3.202436710125767e-05,0.9999997019767761,1.0,0.504915177822113,0.4713281545606151,0.4713281545606151,BUFFER,,"{'weights': {'novelty': 0.2, 'uncertainty': 0.2, 'task_relevance': 0.2, 'temporal_importance': 0.2, 'resource_cost': 0.2}, 'thresholds': {'discard_max': 0.25, 'buffer_max': 0.5, 'summary_max': 0.7}}",cwru_172_w0029_test,1,Inner Race Fault
0.8856513500213623,6.955167918931693e-06,1.0,1.0,0.504915177822113,0.4761486254734337,0.4761486254734337,BUFFER,,"{'weights': {'novelty': 0.2, 'uncertainty': 0.2, 'task_relevance': 0.2, 'temporal_importance': 0.2, 'resource_cost': 0.2}, 'thresholds': {'discard_max': 0.25, 'buffer_max': 0.5, 'summary_max': 0.7}}",cwru_172_w0030_test,1,Inner Race Fault
0.874822199344635,8.818877176963724e-06,0.9999998807907104,1.0,0.504915177822113,0.4739831442380819,0.4739831442380819,BUFFER,,"{'weights': {'novelty': 0.2, 'uncertainty': 0.2, 'task_relevance': 0.2, 'temporal_importance': 0.2, 'resource_cost': 0.2}, 'thresholds': {'discard_max': 0.25, 'buffer_max': 0.5, 'summary_max': 0.7}}",cwru_172_w0031_test,1,Inner Race Fault
0.8778835535049438,1.3012664567213506e-05,0.9999999403953552,1.0,0.504915177822113,0.4745962657485507,0.4745962657485507,BUFFER,,"{'weights': {'novelty': 0.2, 'uncertainty': 0.2, 'task_relevance': 0.2, 'temporal_importance': 0.2, 'resource_cost': 0.2}, 'thresholds': {'discard_max': 0.25, 'buffer_max': 0.5, 'summary_max': 0.7}}",cwru_172_w0032_test,1,Inner Race Fault
0.8204975724220276,0.00013389144442044199,0.9999984502792358,1.0,0.504915177822113,0.4631429472647141,0.4631429472647141,BUFFER,,"{'weights': {'novelty': 0.2, 'uncertainty': 0.2, 'task_relevance': 0.2, 'temporal_importance': 0.2, 'resource_cost': 0.2}, 'thresholds': {'discard_max': 0.25, 'buffer_max': 0.5, 'summary_max': 0.7}}",cwru_172_w0033_test,1,Inner Race Fault
0.8745285272598267,1.6883474017959088e-05,0.9999998211860657,1.0,0.504915177822113,0.4739260108195595,0.4739260108195595,BUFFER,,"{'weights': {'novelty': 0.2, 'uncertainty': 0.2, 'task_relevance': 0.2, 'temporal_importance': 0.2, 'resource_cost': 0.2}, 'thresholds': {'discard_max': 0.25, 'buffer_max': 0.5, 'summary_max': 0.7}}",cwru_172_w0034_test,1,Inner Race Fault
0.8551610708236694,1.7455398847232573e-05,0.9999998807907104,1.0,0.504915177822113,0.47005264583822276,0.47005264583822276,BUFFER,,"{'weights': {'novelty': 0.2, 'uncertainty': 0.2, 'task_relevance': 0.2, 'temporal_importance': 0.2, 'resource_cost': 0.2}, 'thresholds': {'discard_max': 0.25, 'buffer_max': 0.5, 'summary_max': 0.7}}",cwru_172_w0035_test,1,Inner Race Fault
0.8751455545425415,7.69369762565475e-06,0.9999999403953552,1.0,0.504915177822113,0.4740476021626819,0.4740476021626819,BUFFER,,"{'weights': {'novelty': 0.2, 'uncertainty': 0.2, 'task_relevance': 0.2, 'temporal_importance': 0.2, 'resource_cost': 0.2}, 'thresholds': {'discard_max': 0.25, 'buffer_max': 0.5, 'summary_max': 0.7}}",cwru_172_w0036_test,1,Inner Race Fault
0.8915603756904602,6.163307716633426e-06,0.9999998807907104,1.0,0.504915177822113,0.477330248393355,0.477330248393355,BUFFER,,"{'weights': {'novelty': 0.2, 'uncertainty': 0.2, 'task_relevance': 0.2, 'temporal_importance': 0.2, 'resource_cost': 0.2}, 'thresholds': {'discard_max': 0.25, 'buffer_max': 0.5, 'summary_max': 0.7}}",cwru_172_w0037_test,1,Inner Race Fault
0.865626335144043,1.6399588275817223e-05,0.9999998807907104,1.0,0.504915177822113,0.4721454875401833,0.4721454875401833,BUFFER,,"{'weights': {'novelty': 0.2, 'uncertainty': 0.2, 'task_relevance': 0.2, 'temporal_importance': 0.2, 'resource_cost': 0.2}, 'thresholds': {'discard_max': 0.25, 'buffer_max': 0.5, 'summary_max': 0.7}}",cwru_172_w0038_test,1,Inner Race Fault
0.8877907395362854,7.75212720327545e-06,0.9999999403953552,1.0,0.504915177822113,0.4765766508473462,0.4765766508473462,BUFFER,,"{'weights': {'novelty': 0.2, 'uncertainty': 0.2, 'task_relevance': 0.2, 'temporal_importance': 0.2, 'resource_cost': 0.2}, 'thresholds': {'discard_max': 0.25, 'buffer_max': 0.5, 'summary_max': 0.7}}",cwru_172_w0039_test,1,Inner Race Fault
0.8738938570022583,2.1972840841044672e-05,0.9999998211860657,1.0,0.504915177822113,0.47380009464141043,0.47380009464141043,BUFFER,,"{'weights': {'novelty': 0.2, 'uncertainty': 0.2, 'task_relevance': 0.2, 'temporal_importance': 0.2, 'resource_cost': 0.2}, 'thresholds': {'discard_max': 0.25, 'buffer_max': 0.5, 'summary_max': 0.7}}",cwru_172_w0040_test,1,Inner Race Fault
0.8790419697761536,1.612237247172743e-05,0.9999998211860657,1.0,0.504915177822113,0.4748285471025157,0.4748285471025157,BUFFER,,"{'weights': {'novelty': 0.2, 'uncertainty': 0.2, 'task_relevance': 0.2, 'temporal_importance': 0.2, 'resource_cost': 0.2}, 'thresholds': {'discard_max': 0.25, 'buffer_max': 0.5, 'summary_max': 0.7}}",cwru_172_w0041_test,1,Inner Race Fault
0.8868154883384705,1.0419027603347786e-05,0.9999999403953552,1.0,0.504915177822113,0.4763821339878633,0.4763821339878633,BUFFER,,"{'weights': {'novelty': 0.2, 'uncertainty': 0.2, 'task_relevance': 0.2, 'temporal_importance': 0.2, 'resource_cost': 0.2}, 'thresholds': {'discard_max': 0.25, 'buffer_max': 0.5, 'summary_max': 0.7}}",cwru_172_w0042_test,1,Inner Race Fault
0.8887325525283813,1.004687055683462e-05,0.9999998807907104,1.0,0.504915177822113,0.47676546047350715,0.47676546047350715,BUFFER,,"{'weights': {'novelty': 0.2, 'uncertainty': 0.2, 'task_relevance': 0.2, 'temporal_importance': 0.2, 'resource_cost': 0.2}, 'thresholds': {'discard_max': 0.25, 'buffer_max': 0.5, 'summary_max': 0.7}}",cwru_172_w0043_test,1,Inner Race Fault
0.8686166405677795,1.0503863450139761e-05,0.9999999403953552,1.0,0.504915177822113,0.47274238140089436,0.47274238140089436,BUFFER,,"{'weights': {'novelty': 0.2, 'uncertainty': 0.2, 'task_relevance': 0.2, 'temporal_importance': 0.2, 'resource_cost': 0.2}, 'thresholds': {'discard_max': 0.25, 'buffer_max': 0.5, 'summary_max': 0.7}}",cwru_172_w0044_test,1,Inner Race Fault
0.8767371773719788,8.184240869013593e-06,0.9999999403953552,1.0,0.504915177822113,0.47436602483721807,0.47436602483721807,BUFFER,,"{'weights': {'novelty': 0.2, 'uncertainty': 0.2, 'task_relevance': 0.2, 'temporal_importance': 0.2, 'resource_cost': 0.2}, 'thresholds': {'discard_max': 0.25, 'buffer_max': 0.5, 'summary_max': 0.7}}",cwru_172_w0045_test,1,Inner Race Fault
0.8590637445449829,2.260867586301174e-05,0.9999997615814209,1.0,0.504915177822113,0.47083418739603083,0.47083418739603083,BUFFER,,"{'weights': {'novelty': 0.2, 'uncertainty': 0.2, 'task_relevance': 0.2, 'temporal_importance': 0.2, 'resource_cost': 0.2}, 'thresholds': {'discard_max': 0.25, 'buffer_max': 0.5, 'summary_max': 0.7}}",cwru_172_w0046_test,1,Inner Race Fault
0.8580721020698547,1.5247122973960359e-05,0.9999998807907104,1.0,0.504915177822113,0.4706344104322852,0.4706344104322852,BUFFER,,"{'weights': {'novelty': 0.2, 'uncertainty': 0.2, 'task_relevance': 0.2, 'temporal_importance': 0.2, 'resource_cost': 0.2}, 'thresholds': {'discard_max': 0.25, 'buffer_max': 0.5, 'summary_max': 0.7}}",cwru_172_w0047_test,1,Inner Race Fault
0.8439509868621826,3.8036385376472026e-05,0.9999995827674866,1.0,0.504915177822113,0.46781468563858647,0.46781468563858647,BUFFER,,"{'weights': {'novelty': 0.2, 'uncertainty': 0.2, 'task_relevance': 0.2, 'temporal_importance': 0.2, 'resource_cost': 0.2}, 'thresholds': {'discard_max': 0.25, 'buffer_max': 0.5, 'summary_max': 0.7}}",cwru_172_w0048_test,1,Inner Race Fault
0.8755608201026917,8.692577466717921e-06,0.9999998807907104,1.0,0.504915177822113,0.47413084312975123,0.47413084312975123,BUFFER,,"{'weights': {'novelty': 0.2, 'uncertainty': 0.2, 'task_relevance': 0.2, 'temporal_importance': 0.2, 'resource_cost': 0.2}, 'thresholds': {'discard_max': 0.25, 'buffer_max': 0.5, 'summary_max': 0.7}}",cwru_172_w0049_test,1,Inner Race Fault
0.8517847061157227,3.0711336876265705e-05,0.9999997019767761,1.0,0.504915177822113,0.4693799883214524,0.4693799883214524,BUFFER,,"{'weights': {'novelty': 0.2, 'uncertainty': 0.2, 'task_relevance': 0.2, 'temporal_importance': 0.2, 'resource_cost': 0.2}, 'thresholds': {'discard_max': 0.25, 'buffer_max': 0.5, 'summary_max': 0.7}}",cwru_172_w0050_test,1,Inner Race Fault
0.8850558996200562,9.969368875317741e-06,0.9999998807907104,1.0,0.504915177822113,0.4760301143915057,0.4760301143915057,BUFFER,,"{'weights': {'novelty': 0.2, 'uncertainty': 0.2, 'task_relevance': 0.2, 'temporal_importance': 0.2, 'resource_cost': 0.2}, 'thresholds': {'discard_max': 0.25, 'buffer_max': 0.5, 'summary_max': 0.7}}",cwru_172_w0051_test,1,Inner Race Fault
0.8818494081497192,9.115471584664192e-06,0.9999999403953552,1.0,0.504915177822113,0.47538865723890916,0.47538865723890916,BUFFER,,"{'weights': {'novelty': 0.2, 'uncertainty': 0.2, 'task_relevance': 0.2, 'temporal_importance': 0.2, 'resource_cost': 0.2}, 'thresholds': {'discard_max': 0.25, 'buffer_max': 0.5, 'summary_max': 0.7}}",cwru_172_w0052_test,1,Inner Race Fault
0.878935694694519,1.714333484414965e-05,0.9999998211860657,1.0,0.504915177822113,0.4748074962786632,0.4748074962786632,BUFFER,,"{'weights': {'novelty': 0.2, 'uncertainty': 0.2, 'task_relevance': 0.2, 'temporal_importance': 0.2, 'resource_cost': 0.2}, 'thresholds': {'discard_max': 0.25, 'buffer_max': 0.5, 'summary_max': 0.7}}",cwru_172_w0053_test,1,Inner Race Fault
0.8675847053527832,1.3975857655168511e-05,0.9999998807907104,1.0,0.504915177822113,0.4725366768358072,0.4725366768358072,BUFFER,,"{'weights': {'novelty': 0.2, 'uncertainty': 0.2, 'task_relevance': 0.2, 'temporal_importance': 0.2, 'resource_cost': 0.2}, 'thresholds': {'discard_max': 0.25, 'buffer_max': 0.5, 'summary_max': 0.7}}",cwru_172_w0054_test,1,Inner Race Fault
0.8718492984771729,2.1510506485356018e-05,0.9999997615814209,1.0,0.504915177822113,0.47339107854859325,0.47339107854859325,BUFFER,,"{'weights': {'novelty': 0.2, 'uncertainty': 0.2, 'task_relevance': 0.2, 'temporal_importance': 0.2, 'resource_cost': 0.2}, 'thresholds': {'discard_max': 0.25, 'buffer_max': 0.5, 'summary_max': 0.7}}",cwru_172_w0055_test,1,Inner Race Fault
0.8605448007583618,2.2541144062415697e-05,0.9999997615814209,1.0,0.504915177822113,0.47113038513234645,0.47113038513234645,BUFFER,,"{'weights': {'novelty': 0.2, 'uncertainty': 0.2, 'task_relevance': 0.2, 'temporal_importance': 0.2, 'resource_cost': 0.2}, 'thresholds': {'discard_max': 0.25, 'buffer_max': 0.5, 'summary_max': 0.7}}",cwru_172_w0056_test,1,Inner Race Fault
0.8685949444770813,1.738870378176216e-05,0.9999998211860657,1.0,0.504915177822113,0.4727393953089631,0.4727393953089631,BUFFER,,"{'weights': {'novelty': 0.2, 'uncertainty': 0.2, 'task_relevance': 0.2, 'temporal_importance': 0.2, 'resource_cost': 0.2}, 'thresholds': {'discard_max': 0.25, 'buffer_max': 0.5, 'summary_max': 0.7}}",cwru_172_w0057_test,1,Inner Race Fault
0.8675939440727234,1.4555557754647452e-05,0.9999998211860657,0.0,0.504915177822113,0.27253862859888617,0.27253862859888617,BUFFER,,"{'weights': {'novelty': 0.2, 'uncertainty': 0.2, 'task_relevance': 0.2, 'temporal_importance': 0.2, 'resource_cost': 0.2}, 'thresholds': {'discard_max': 0.25, 'buffer_max': 0.5, 'summary_max': 0.7}}",cwru_211_w0000_test,1,Inner Race Fault
0.8913754820823669,5.277218406263273e-06,0.9999999403953552,1.0,0.504915177822113,0.47729310437480316,0.47729310437480316,BUFFER,,"{'weights': {'novelty': 0.2, 'uncertainty': 0.2, 'task_relevance': 0.2, 'temporal_importance': 0.2, 'resource_cost': 0.2}, 'thresholds': {'discard_max': 0.25, 'buffer_max': 0.5, 'summary_max': 0.7}}",cwru_211_w0001_test,1,Inner Race Fault
0.9180641174316406,1.8965170056617353e-06,1.0,1.0,0.504915177822113,0.48263016722530666,0.48263016722530666,BUFFER,,"{'weights': {'novelty': 0.2, 'uncertainty': 0.2, 'task_relevance': 0.2, 'temporal_importance': 0.2, 'resource_cost': 0.2}, 'thresholds': {'discard_max': 0.25, 'buffer_max': 0.5, 'summary_max': 0.7}}",cwru_211_w0002_test,1,Inner Race Fault
0.8976364731788635,3.534879624567111e-06,0.9999999403953552,1.0,0.504915177822113,0.47854495412634607,0.47854495412634607,BUFFER,,"{'weights': {'novelty': 0.2, 'uncertainty': 0.2, 'task_relevance': 0.2, 'temporal_importance': 0.2, 'resource_cost': 0.2}, 'thresholds': {'discard_max': 0.25, 'buffer_max': 0.5, 'summary_max': 0.7}}",cwru_211_w0003_test,1,Inner Race Fault
0.8803189396858215,8.13862425275147e-06,0.9999999403953552,1.0,0.504915177822113,0.4750823681766633,0.4750823681766633,BUFFER,,"{'weights': {'novelty': 0.2, 'uncertainty': 0.2, 'task_relevance': 0.2, 'temporal_importance': 0.2, 'resource_cost': 0.2}, 'thresholds': {'discard_max': 0.25, 'buffer_max': 0.5, 'summary_max': 0.7}}",cwru_211_w0004_test,1,Inner Race Fault
0.8850921988487244,9.245507499144878e-06,0.9999999403953552,1.0,0.504915177822113,0.47603724138589315,0.47603724138589315,BUFFER,,"{'weights': {'novelty': 0.2, 'uncertainty': 0.2, 'task_relevance': 0.2, 'temporal_importance': 0.2, 'resource_cost': 0.2}, 'thresholds': {'discard_max': 0.25, 'buffer_max': 0.5, 'summary_max': 0.7}}",cwru_211_w0005_test,1,Inner Race Fault
0.8942636251449585,5.017131115891971e-06,0.9999999403953552,1.0,0.504915177822113,0.47787068096986335,0.47787068096986335,BUFFER,,"{'weights': {'novelty': 0.2, 'uncertainty': 0.2, 'task_relevance': 0.2, 'temporal_importance': 0.2, 'resource_cost': 0.2}, 'thresholds': {'discard_max': 0.25, 'buffer_max': 0.5, 'summary_max': 0.7}}",cwru_211_w0006_test,1,Inner Race Fault
0.9044798612594604,3.053530235774815e-06,1.0,1.0,0.504915177822113,0.4799135473935167,0.4799135473935167,BUFFER,,"{'weights': {'novelty': 0.2, 'uncertainty': 0.2, 'task_relevance': 0.2, 'temporal_importance': 0.2, 'resource_cost': 0.2}, 'thresholds': {'discard_max': 0.25, 'buffer_max': 0.5, 'summary_max': 0.7}}",cwru_211_w0007_test,1,Inner Race Fault
0.8920132517814636,5.01733074997901e-06,0.9999999403953552,1.0,0.504915177822113,0.4774206063370911,0.4774206063370911,BUFFER,,"{'weights': {'novelty': 0.2, 'uncertainty': 0.2, 'task_relevance': 0.2, 'temporal_importance': 0.2, 'resource_cost': 0.2}, 'thresholds': {'discard_max': 0.25, 'buffer_max': 0.5, 'summary_max': 0.7}}",cwru_211_w0008_test,1,Inner Race Fault
0.904625415802002,3.3449555303377565e-06,1.0,1.0,0.504915177822113,0.47994271658708393,0.47994271658708393,BUFFER,,"{'weights': {'novelty': 0.2, 'uncertainty': 0.2, 'task_relevance': 0.2, 'temporal_importance': 0.2, 'resource_cost': 0.2}, 'thresholds': {'discard_max': 0.25, 'buffer_max': 0.5, 'summary_max': 0.7}}",cwru_211_w0009_test,1,Inner Race Fault
0.9057102799415588,2.392224814684596e-06,0.9999999403953552,1.0,0.504915177822113,0.48015948694792315,0.48015948694792315,BUFFER,,"{'weights': {'novelty': 0.2, 'uncertainty': 0.2, 'task_relevance': 0.2, 'temporal_importance': 0.2, 'resource_cost': 0.2}, 'thresholds': {'discard_max': 0.25, 'buffer_max': 0.5, 'summary_max': 0.7}}",cwru_211_w0010_test,1,Inner Race Fault
0.8893795609474182,5.275058811093913e-06,0.9999999403953552,1.0,0.504915177822113,0.4768939197158943,0.4768939197158943,BUFFER,,"{'weights': {'novelty': 0.2, 'uncertainty': 0.2, 'task_relevance': 0.2, 'temporal_importance': 0.2, 'resource_cost': 0.2}, 'thresholds': {'discard_max': 0.25, 'buffer_max': 0.5, 'summary_max': 0.7}}",cwru_211_w0011_test,1,Inner Race Fault
0.9141713976860046,2.4688770281500183e-06,0.9999999403953552,1.0,0.504915177822113,0.48185172582725494,0.48185172582725494,BUFFER,,"{'weights': {'novelty': 0.2, 'uncertainty': 0.2, 'task_relevance': 0.2, 'temporal_importance': 0.2, 'resource_cost': 0.2}, 'thresholds': {'discard_max': 0.25, 'buffer_max': 0.5, 'summary_max': 0.7}}",cwru_211_w0012_test,1,Inner Race Fault
0.9078813791275024,3.1423376185557572e-06,1.0,1.0,0.504915177822113,0.4805938687286017,0.4805938687286017,BUFFER,,"{'weights': {'novelty': 0.2, 'uncertainty': 0.2, 'task_relevance': 0.2, 'temporal_importance': 0.2, 'resource_cost': 0.2}, 'thresholds': {'discard_max': 0.25, 'buffer_max': 0.5, 'summary_max': 0.7}}",cwru_211_w0013_test,1,Inner Race Fault
0.9053930640220642,2.9460409223247552e-06,1.0,1.0,0.504915177822113,0.4800961664481747,0.4800961664481747,BUFFER,,"{'weights': {'novelty': 0.2, 'uncertainty': 0.2, 'task_relevance': 0.2, 'temporal_importance': 0.2, 'resource_cost': 0.2}, 'thresholds': {'discard_max': 0.25, 'buffer_max': 0.5, 'summary_max': 0.7}}",cwru_211_w0014_test,1,Inner Race Fault
0.9153183102607727,2.6638897452357924e-06,0.9999999403953552,1.0,0.504915177822113,0.4820811473447521,0.4820811473447521,BUFFER,,"{'weights': {'novelty': 0.2, 'uncertainty': 0.2, 'task_relevance': 0.2, 'temporal_importance': 0.2, 'resource_cost': 0.2}, 'thresholds': {'discard_max': 0.25, 'buffer_max': 0.5, 'summary_max': 0.7}}",cwru_211_w0015_test,1,Inner Race Fault
0.8804433941841125,7.683011062908918e-06,0.9999999403953552,1.0,0.504915177822113,0.4751071679536835,0.4751071679536835,BUFFER,,"{'weights': {'novelty': 0.2, 'uncertainty': 0.2, 'task_relevance': 0.2, 'temporal_importance': 0.2, 'resource_cost': 0.2}, 'thresholds': {'discard_max': 0.25, 'buffer_max': 0.5, 'summary_max': 0.7}}",cwru_211_w0016_test,1,Inner Race Fault
0.8918313980102539,5.310690085025271e-06,0.9999999403953552,1.0,0.504915177822113,0.47738429425471623,0.47738429425471623,BUFFER,,"{'weights': {'novelty': 0.2, 'uncertainty': 0.2, 'task_relevance': 0.2, 'temporal_importance': 0.2, 'resource_cost': 0.2}, 'thresholds': {'discard_max': 0.25, 'buffer_max': 0.5, 'summary_max': 0.7}}",cwru_211_w0017_test,1,Inner Race Fault
0.9003849625587463,4.1278954086010344e-06,0.9999999403953552,1.0,0.504915177822113,0.4790947706054795,0.4790947706054795,BUFFER,,"{'weights': {'novelty': 0.2, 'uncertainty': 0.2, 'task_relevance': 0.2, 'temporal_importance': 0.2, 'resource_cost': 0.2}, 'thresholds': {'discard_max': 0.25, 'buffer_max': 0.5, 'summary_max': 0.7}}",cwru_211_w0018_test,1,Inner Race Fault
0.8850323557853699,5.4685192480974365e-06,0.9999999403953552,1.0,0.504915177822113,0.4760245173755721,0.4760245173755721,BUFFER,,"{'weights': {'novelty': 0.2, 'uncertainty': 0.2, 'task_relevance': 0.2, 'temporal_importance': 0.2, 'resource_cost': 0.2}, 'thresholds': {'discard_max': 0.25, 'buffer_max': 0.5, 'summary_max': 0.7}}",cwru_211_w0019_test,1,Inner Race Fault
0.8873347043991089,7.081710464262869e-06,1.0,1.0,0.504915177822113,0.47648532165749197,0.47648532165749197,BUFFER,,"{'weights': {'novelty': 0.2, 'uncertainty': 0.2, 'task_relevance': 0.2, 'temporal_importance': 0.2, 'resource_cost': 0.2}, 'thresholds': {'discard_max': 0.25, 'buffer_max': 0.5, 'summary_max': 0.7}}",cwru_211_w0020_test,1,Inner Race Fault
0.8954856991767883,4.489534148888197e-06,1.0,1.0,0.504915177822113,0.47811500217776487,0.47811500217776487,BUFFER,,"{'weights': {'novelty': 0.2, 'uncertainty': 0.2, 'task_relevance': 0.2, 'temporal_importance': 0.2, 'resource_cost': 0.2}, 'thresholds': {'discard_max': 0.25, 'buffer_max': 0.5, 'summary_max': 0.7}}",cwru_211_w0021_test,1,Inner Race Fault
0.888495147228241,7.126285709091462e-06,1.0,1.0,0.504915177822113,0.47671741913836735,0.47671741913836735,BUFFER,,"{'weights': {'novelty': 0.2, 'uncertainty': 0.2, 'task_relevance': 0.2, 'temporal_importance': 0.2, 'resource_cost': 0.2}, 'thresholds': {'discard_max': 0.25, 'buffer_max': 0.5, 'summary_max': 0.7}}",cwru_211_w0022_test,1,Inner Race Fault
0.8892810344696045,6.131553163868375e-06,0.9999998807907104,1.0,0.504915177822113,0.4768743737982732,0.4768743737982732,BUFFER,,"{'weights': {'novelty': 0.2, 'uncertainty': 0.2, 'task_relevance': 0.2, 'temporal_importance': 0.2, 'resource_cost': 0.2}, 'thresholds': {'discard_max': 0.25, 'buffer_max': 0.5, 'summary_max': 0.7}}",cwru_211_w0023_test,1,Inner Race Fault
0.9028052687644958,3.903514880221337e-06,0.9999999403953552,1.0,0.504915177822113,0.47957878697052364,0.47957878697052364,BUFFER,,"{'weights': {'novelty': 0.2, 'uncertainty': 0.2, 'task_relevance': 0.2, 'temporal_importance': 0.2, 'resource_cost': 0.2}, 'thresholds': {'discard_max': 0.25, 'buffer_max': 0.5, 'summary_max': 0.7}}",cwru_211_w0024_test,1,Inner Race Fault
0.8904649019241333,5.179411800781963e-06,0.9999999403953552,1.0,0.504915177822113,0.4771109687818353,0.4771109687818353,BUFFER,,"{'weights': {'novelty': 0.2, 'uncertainty': 0.2, 'task_relevance': 0.2, 'temporal_importance': 0.2, 'resource_cost': 0.2}, 'thresholds': {'discard_max': 0.25, 'buffer_max': 0.5, 'summary_max': 0.7}}",cwru_211_w0025_test,1,Inner Race Fault
0.9044234752655029,2.7782198230852373e-06,1.0,1.0,0.504915177822113,0.4799022151326426,0.4799022151326426,BUFFER,,"{'weights': {'novelty': 0.2, 'uncertainty': 0.2, 'task_relevance': 0.2, 'temporal_importance': 0.2, 'resource_cost': 0.2}, 'thresholds': {'discard_max': 0.25, 'buffer_max': 0.5, 'summary_max': 0.7}}",cwru_211_w0026_test,1,Inner Race Fault
0.9141040444374084,2.2511128463520436e-06,0.9999999403953552,1.0,0.504915177822113,0.4818382116246995,0.4818382116246995,BUFFER,,"{'weights': {'novelty': 0.2, 'uncertainty': 0.2, 'task_relevance': 0.2, 'temporal_importance': 0.2, 'resource_cost': 0.2}, 'thresholds': {'discard_max': 0.25, 'buffer_max': 0.5, 'summary_max': 0.7}}",cwru_211_w0027_test,1,Inner Race Fault
0.8842143416404724,6.818604560976382e-06,0.9999999403953552,1.0,0.504915177822113,0.47586118456365506,0.47586118456365506,BUFFER,,"{'weights': {'novelty': 0.2, 'uncertainty': 0.2, 'task_relevance': 0.2, 'temporal_importance': 0.2, 'resource_cost': 0.2}, 'thresholds': {'discard_max': 0.25, 'buffer_max': 0.5, 'summary_max': 0.7}}",cwru_211_w0028_test,1,Inner Race Fault
0.856187641620636,1.8361715774517506e-05,0.9999998211860657,1.0,0.504915177822113,0.47025812934007266,0.47025812934007266,BUFFER,,"{'weights': {'novelty': 0.2, 'uncertainty': 0.2, 'task_relevance': 0.2, 'temporal_importance': 0.2, 'resource_cost': 0.2}, 'thresholds': {'discard_max': 0.25, 'buffer_max': 0.5, 'summary_max': 0.7}}",cwru_211_w0029_test,1,Inner Race Fault
0.8904861807823181,4.127919964957982e-06,0.9999999403953552,1.0,0.504915177822113,0.477115014255105,0.477115014255105,BUFFER,,"{'weights': {'novelty': 0.2, 'uncertainty': 0.2, 'task_relevance': 0.2, 'temporal_importance': 0.2, 'resource_cost': 0.2}, 'thresholds': {'discard_max': 0.25, 'buffer_max': 0.5, 'summary_max': 0.7}}",cwru_211_w0030_test,1,Inner Race Fault
0.9223936796188354,1.1210938737349352e-06,0.9999999403953552,1.0,0.504915177822113,0.4834959126571902,0.4834959126571902,BUFFER,,"{'weights': {'novelty': 0.2, 'uncertainty': 0.2, 'task_relevance': 0.2, 'temporal_importance': 0.2, 'resource_cost': 0.2}, 'thresholds': {'discard_max': 0.25, 'buffer_max': 0.5, 'summary_max': 0.7}}",cwru_211_w0031_test,1,Inner Race Fault
0.9050005078315735,2.5771805667318404e-06,0.9999999403953552,1.0,0.504915177822113,0.48001756951707647,0.48001756951707647,BUFFER,,"{'weights': {'novelty': 0.2, 'uncertainty': 0.2, 'task_relevance': 0.2, 'temporal_importance': 0.2, 'resource_cost': 0.2}, 'thresholds': {'discard_max': 0.25, 'buffer_max': 0.5, 'summary_max': 0.7}}",cwru_211_w0032_test,1,Inner Race Fault
0.9030184149742126,2.849429847628926e-06,1.0,1.0,0.504915177822113,0.47962121731638946,0.47962121731638946,BUFFER,,"{'weights': {'novelty': 0.2, 'uncertainty': 0.2, 'task_relevance': 0.2, 'temporal_importance': 0.2, 'resource_cost': 0.2}, 'thresholds': {'discard_max': 0.25, 'buffer_max': 0.5, 'summary_max': 0.7}}",cwru_211_w0033_test,1,Inner Race Fault
0.888369619846344,4.88881642013439e-06,0.9999998807907104,1.0,0.504915177822113,0.47669184232627243,0.47669184232627243,BUFFER,,"{'weights': {'novelty': 0.2, 'uncertainty': 0.2, 'task_relevance': 0.2, 'temporal_importance': 0.2, 'resource_cost': 0.2}, 'thresholds': {'discard_max': 0.25, 'buffer_max': 0.5, 'summary_max': 0.7}}",cwru_211_w0034_test,1,Inner Race Fault
0.9089391827583313,2.865322358047706e-06,1.0,1.0,0.504915177822113,0.48080537405171525,0.48080537405171525,BUFFER,,"{'weights': {'novelty': 0.2, 'uncertainty': 0.2, 'task_relevance': 0.2, 'temporal_importance': 0.2, 'resource_cost': 0.2}, 'thresholds': {'discard_max': 0.25, 'buffer_max': 0.5, 'summary_max': 0.7}}",cwru_211_w0035_test,1,Inner Race Fault
0.8745778799057007,7.513959644711576e-06,0.9999998807907104,1.0,0.504915177822113,0.47393401936678864,0.47393401936678864,BUFFER,,"{'weights': {'novelty': 0.2, 'uncertainty': 0.2, 'task_relevance': 0.2, 'temporal_importance': 0.2, 'resource_cost': 0.2}, 'thresholds': {'discard_max': 0.25, 'buffer_max': 0.5, 'summary_max': 0.7}}",cwru_211_w0036_test,1,Inner Race Fault
0.8679051399230957,1.6408694136771373e-05,0.9999998807907104,1.0,0.504915177822113,0.4726012503171661,0.4726012503171661,BUFFER,,"{'weights': {'novelty': 0.2, 'uncertainty': 0.2, 'task_relevance': 0.2, 'temporal_importance': 0.2, 'resource_cost': 0.2}, 'thresholds': {'discard_max': 0.25, 'buffer_max': 0.5, 'summary_max': 0.7}}",cwru_211_w0037_test,1,Inner Race Fault
0.8742626309394836,8.583619091950823e-06,0.9999998807907104,1.0,0.504915177822113,0.4738711835054346,0.4738711835054346,BUFFER,,"{'weights': {'novelty': 0.2, 'uncertainty': 0.2, 'task_relevance': 0.2, 'temporal_importance': 0.2, 'resource_cost': 0.2}, 'thresholds': {'discard_max': 0.25, 'buffer_max': 0.5, 'summary_max': 0.7}}",cwru_211_w0038_test,1,Inner Race Fault
0.9151701331138611,2.535681005610968e-06,0.9999999403953552,1.0,0.504915177822113,0.48205148627362177,0.48205148627362177,BUFFER,,"{'weights': {'novelty': 0.2, 'uncertainty': 0.2, 'task_relevance': 0.2, 'temporal_importance': 0.2, 'resource_cost': 0.2}, 'thresholds': {'discard_max': 0.25, 'buffer_max': 0.5, 'summary_max': 0.7}}",cwru_211_w0039_test,1,Inner Race Fault
0.9153792858123779,1.784378014235699e-06,1.0,1.0,0.504915177822113,0.4820931784736559,0.4820931784736559,BUFFER,,"{'weights': {'novelty': 0.2, 'uncertainty': 0.2, 'task_relevance': 0.2, 'temporal_importance': 0.2, 'resource_cost': 0.2}, 'thresholds': {'discard_max': 0.25, 'buffer_max': 0.5, 'summary_max': 0.7}}",cwru_211_w0040_test,1,Inner Race Fault
0.8917887806892395,5.064850029157242e-06,0.9999999403953552,1.0,0.504915177822113,0.47737572162250225,0.47737572162250225,BUFFER,,"{'weights': {'novelty': 0.2, 'uncertainty': 0.2, 'task_relevance': 0.2, 'temporal_importance': 0.2, 'resource_cost': 0.2}, 'thresholds': {'discard_max': 0.25, 'buffer_max': 0.5, 'summary_max': 0.7}}",cwru_211_w0041_test,1,Inner Race Fault
0.8716573119163513,9.447986485611182e-06,0.9999999403953552,1.0,0.504915177822113,0.4733503044952158,0.4733503044952158,BUFFER,,"{'weights': {'novelty': 0.2, 'uncertainty': 0.2, 'task_relevance': 0.2, 'temporal_importance': 0.2, 'resource_cost': 0.2}, 'thresholds': {'discard_max': 0.25, 'buffer_max': 0.5, 'summary_max': 0.7}}",cwru_211_w0042_test,1,Inner Race Fault
0.9071817398071289,2.190651002820232e-06,0.9999999403953552,1.0,0.504915177822113,0.48045373860627477,0.48045373860627477,BUFFER,,"{'weights': {'novelty': 0.2, 'uncertainty': 0.2, 'task_relevance': 0.2, 'temporal_importance': 0.2, 'resource_cost': 0.2}, 'thresholds': {'discard_max': 0.25, 'buffer_max': 0.5, 'summary_max': 0.7}}",cwru_211_w0043_test,1,Inner Race Fault
0.8878840208053589,6.151245088403812e-06,0.9999998807907104,1.0,0.504915177822113,0.47659497500380893,0.47659497500380893,BUFFER,,"{'weights': {'novelty': 0.2, 'uncertainty': 0.2, 'task_relevance': 0.2, 'temporal_importance': 0.2, 'resource_cost': 0.2}, 'thresholds': {'discard_max': 0.25, 'buffer_max': 0.5, 'summary_max': 0.7}}",cwru_211_w0044_test,1,Inner Race Fault
0.8721078634262085,7.471407570847077e-06,0.9999998807907104,1.0,0.504915177822113,0.4734400075604754,0.4734400075604754,BUFFER,,"{'weights': {'novelty': 0.2, 'uncertainty': 0.2, 'task_relevance': 0.2, 'temporal_importance': 0.2, 'resource_cost': 0.2}, 'thresholds': {'discard_max': 0.25, 'buffer_max': 0.5, 'summary_max': 0.7}}",cwru_211_w0045_test,1,Inner Race Fault
0.889349639415741,4.596055077854544e-06,1.0,1.0,0.504915177822113,0.4768878115297412,0.4768878115297412,BUFFER,,"{'weights': {'novelty': 0.2, 'uncertainty': 0.2, 'task_relevance': 0.2, 'temporal_importance': 0.2, 'resource_cost': 0.2}, 'thresholds': {'discard_max': 0.25, 'buffer_max': 0.5, 'summary_max': 0.7}}",cwru_211_w0046_test,1,Inner Race Fault
0.9037915468215942,2.882933813452837e-06,1.0,1.0,0.504915177822113,0.4797758503866589,0.4797758503866589,BUFFER,,"{'weights': {'novelty': 0.2, 'uncertainty': 0.2, 'task_relevance': 0.2, 'temporal_importance': 0.2, 'resource_cost': 0.2}, 'thresholds': {'discard_max': 0.25, 'buffer_max': 0.5, 'summary_max': 0.7}}",cwru_211_w0047_test,1,Inner Race Fault
0.8975638151168823,4.330489900894463e-06,1.0,1.0,0.504915177822113,0.4785305935569341,0.4785305935569341,BUFFER,,"{'weights': {'novelty': 0.2, 'uncertainty': 0.2, 'task_relevance': 0.2, 'temporal_importance': 0.2, 'resource_cost': 0.2}, 'thresholds': {'discard_max': 0.25, 'buffer_max': 0.5, 'summary_max': 0.7}}",cwru_211_w0048_test,1,Inner Race Fault
0.8962749242782593,3.584199475881178e-06,0.9999999403953552,1.0,0.504915177822113,0.47827265421019555,0.47827265421019555,BUFFER,,"{'weights': {'novelty': 0.2, 'uncertainty': 0.2, 'task_relevance': 0.2, 'temporal_importance': 0.2, 'resource_cost': 0.2}, 'thresholds': {'discard_max': 0.25, 'buffer_max': 0.5, 'summary_max': 0.7}}",cwru_211_w0049_test,1,Inner Race Fault
0.8985432982444763,3.752147904378944e-06,0.9999999403953552,1.0,0.504915177822113,0.47872636259312457,0.47872636259312457,BUFFER,,"{'weights': {'novelty': 0.2, 'uncertainty': 0.2, 'task_relevance': 0.2, 'temporal_importance': 0.2, 'resource_cost': 0.2}, 'thresholds': {'discard_max': 0.25, 'buffer_max': 0.5, 'summary_max': 0.7}}",cwru_211_w0050_test,1,Inner Race Fault
0.8958225846290588,5.145523573446553e-06,0.9999999403953552,1.0,0.504915177822113,0.47818249854517497,0.47818249854517497,BUFFER,,"{'weights': {'novelty': 0.2, 'uncertainty': 0.2, 'task_relevance': 0.2, 'temporal_importance': 0.2, 'resource_cost': 0.2}, 'thresholds': {'discard_max': 0.25, 'buffer_max': 0.5, 'summary_max': 0.7}}",cwru_211_w0051_test,1,Inner Race Fault
0.8913509845733643,4.864022685069358e-06,0.9999998807907104,1.0,0.504915177822113,0.47728811031292934,0.47728811031292934,BUFFER,,"{'weights': {'novelty': 0.2, 'uncertainty': 0.2, 'task_relevance': 0.2, 'temporal_importance': 0.2, 'resource_cost': 0.2}, 'thresholds': {'discard_max': 0.25, 'buffer_max': 0.5, 'summary_max': 0.7}}",cwru_211_w0052_test,1,Inner Race Fault
0.9201905727386475,1.7496645341452677e-06,1.0,1.0,0.504915177822113,0.4830554289162137,0.4830554289162137,BUFFER,,"{'weights': {'novelty': 0.2, 'uncertainty': 0.2, 'task_relevance': 0.2, 'temporal_importance': 0.2, 'resource_cost': 0.2}, 'thresholds': {'discard_max': 0.25, 'buffer_max': 0.5, 'summary_max': 0.7}}",cwru_211_w0053_test,1,Inner Race Fault
0.8782966136932373,7.1503882281831466e-06,1.0,1.0,0.504915177822113,0.4746777172518705,0.4746777172518705,BUFFER,,"{'weights': {'novelty': 0.2, 'uncertainty': 0.2, 'task_relevance': 0.2, 'temporal_importance': 0.2, 'resource_cost': 0.2}, 'thresholds': {'discard_max': 0.25, 'buffer_max': 0.5, 'summary_max': 0.7}}",cwru_211_w0054_test,1,Inner Race Fault
0.9025648832321167,2.94270898848481e-06,1.0,1.0,0.504915177822113,0.47953052962379844,0.47953052962379844,BUFFER,,"{'weights': {'novelty': 0.2, 'uncertainty': 0.2, 'task_relevance': 0.2, 'temporal_importance': 0.2, 'resource_cost': 0.2}, 'thresholds': {'discard_max': 0.25, 'buffer_max': 0.5, 'summary_max': 0.7}}",cwru_211_w0055_test,1,Inner Race Fault
0.9007202386856079,4.115198862564284e-06,0.9999999403953552,1.0,0.504915177822113,0.4791618232915426,0.4791618232915426,BUFFER,,"{'weights': {'novelty': 0.2, 'uncertainty': 0.2, 'task_relevance': 0.2, 'temporal_importance': 0.2, 'resource_cost': 0.2}, 'thresholds': {'discard_max': 0.25, 'buffer_max': 0.5, 'summary_max': 0.7}}",cwru_211_w0056_test,1,Inner Race Fault
0.9108781218528748,3.034186420336482e-06,1.0,1.0,0.504915177822113,0.4811931956434365,0.4811931956434365,BUFFER,,"{'weights': {'novelty': 0.2, 'uncertainty': 0.2, 'task_relevance': 0.2, 'temporal_importance': 0.2, 'resource_cost': 0.2}, 'thresholds': {'discard_max': 0.25, 'buffer_max': 0.5, 'summary_max': 0.7}}",cwru_211_w0057_test,1,Inner Race Fault
0.6096134185791016,0.026483584195375443,0.8999995589256287,0.0,0.504915177822113,0.20623627677559858,0.20623627677559858,DISCARD,,"{'weights': {'novelty': 0.2, 'uncertainty': 0.2, 'task_relevance': 0.2, 'temporal_importance': 0.2, 'resource_cost': 0.2}, 'thresholds': {'discard_max': 0.25, 'buffer_max': 0.5, 'summary_max': 0.7}}",cwru_225_w0000_test,2,Ball Fault
0.5454474687576294,0.00020417518680915236,0.9000005722045898,1.0,0.504915177822113,0.3881474076653831,0.3881474076653831,BUFFER,,"{'weights': {'novelty': 0.2, 'uncertainty': 0.2, 'task_relevance': 0.2, 'temporal_importance': 0.2, 'resource_cost': 0.2}, 'thresholds': {'discard_max': 0.25, 'buffer_max': 0.5, 'summary_max': 0.7}}",cwru_225_w0001_test,2,Ball Fault
0.5945463180541992,0.0007889152620919049,0.9000001549720764,1.0,0.504915177822113,0.39808404209325093,0.39808404209325093,BUFFER,,"{'weights': {'novelty': 0.2, 'uncertainty': 0.2, 'task_relevance': 0.2, 'temporal_importance': 0.2, 'resource_cost': 0.2}, 'thresholds': {'discard_max': 0.25, 'buffer_max': 0.5, 'summary_max': 0.7}}",cwru_225_w0002_test,2,Ball Fault
0.5520118474960327,0.00041646583122201264,0.8999996781349182,1.0,0.504915177822113,0.389502562728012,0.389502562728012,BUFFER,,"{'weights': {'novelty': 0.2, 'uncertainty': 0.2, 'task_relevance': 0.2, 'temporal_importance': 0.2, 'resource_cost': 0.2}, 'thresholds': {'discard_max': 0.25, 'buffer_max': 0.5, 'summary_max': 0.7}}",cwru_225_w0003_test,2,Ball Fault
0.5739091634750366,0.0005252500995993614,0.8999999761581421,1.0,0.504915177822113,0.39390384238213305,0.39390384238213305,BUFFER,,"{'weights': {'novelty': 0.2, 'uncertainty': 0.2, 'task_relevance': 0.2, 'temporal_importance': 0.2, 'resource_cost': 0.2}, 'thresholds': {'discard_max': 0.25, 'buffer_max': 0.5, 'summary_max': 0.7}}",cwru_225_w0004_test,2,Ball Fault
0.5775747895240784,0.0013792996760457754,0.8999997973442078,1.0,0.504915177822113,0.3948077417444438,0.3948077417444438,BUFFER,,"{'weights': {'novelty': 0.2, 'uncertainty': 0.2, 'task_relevance': 0.2, 'temporal_importance': 0.2, 'resource_cost': 0.2}, 'thresholds': {'discard_max': 0.25, 'buffer_max': 0.5, 'summary_max': 0.7}}",cwru_225_w0005_test,2,Ball Fault
0.5840466022491455,0.0019173064501956105,0.8999999165534973,1.0,0.504915177822113,0.3962097294861451,0.3962097294861451,BUFFER,,"{'weights': {'novelty': 0.2, 'uncertainty': 0.2, 'task_relevance': 0.2, 'temporal_importance': 0.2, 'resource_cost': 0.2}, 'thresholds': {'discard_max': 0.25, 'buffer_max': 0.5, 'summary_max': 0.7}}",cwru_225_w0006_test,2,Ball Fault
0.5633533596992493,0.00033142761094495654,0.9000000953674316,1.0,0.504915177822113,0.3917539409711026,0.3917539409711026,BUFFER,,"{'weights': {'novelty': 0.2, 'uncertainty': 0.2, 'task_relevance': 0.2, 'temporal_importance': 0.2, 'resource_cost': 0.2}, 'thresholds': {'discard_max': 0.25, 'buffer_max': 0.5, 'summary_max': 0.7}}",cwru_225_w0007_test,2,Ball Fault
0.5507423877716064,0.00030996385612525046,0.9000001549720764,1.0,0.504915177822113,0.389227465755539,0.389227465755539,BUFFER,,"{'weights': {'novelty': 0.2, 'uncertainty': 0.2, 'task_relevance': 0.2, 'temporal_importance': 0.2, 'resource_cost': 0.2}, 'thresholds': {'discard_max': 0.25, 'buffer_max': 0.5, 'summary_max': 0.7}}",cwru_225_w0008_test,2,Ball Fault
0.5894815921783447,0.001273835077881813,0.900000274181366,1.0,0.504915177822113,0.39716810472309594,0.39716810472309594,BUFFER,,"{'weights': {'novelty': 0.2, 'uncertainty': 0.2, 'task_relevance': 0.2, 'temporal_importance': 0.2, 'resource_cost': 0.2}, 'thresholds': {'discard_max': 0.25, 'buffer_max': 0.5, 'summary_max': 0.7}}",cwru_225_w0009_test,2,Ball Fault
0.5443615913391113,0.000328938098391518,0.8999997973442078,1.0,0.504915177822113,0.38795502979191954,0.38795502979191954,BUFFER,,"{'weights': {'novelty': 0.2, 'uncertainty': 0.2, 'task_relevance': 0.2, 'temporal_importance': 0.2, 'resource_cost': 0.2}, 'thresholds': {'discard_max': 0.25, 'buffer_max': 0.5, 'summary_max': 0.7}}",cwru_225_w0010_test,2,Ball Fault
0.5921875238418579,0.0013040566118434072,0.9000001549720764,1.0,0.504915177822113,0.397715311520733,0.397715311520733,BUFFER,,"{'weights': {'novelty': 0.2, 'uncertainty': 0.2, 'task_relevance': 0.2, 'temporal_importance': 0.2, 'resource_cost': 0.2}, 'thresholds': {'discard_max': 0.25, 'buffer_max': 0.5, 'summary_max': 0.7}}",cwru_225_w0011_test,2,Ball Fault
0.5273751616477966,0.00017497193766757846,0.9000000953674316,1.0,0.504915177822113,0.3845270102261566,0.3845270102261566,BUFFER,,"{'weights': {'novelty': 0.2, 'uncertainty': 0.2, 'task_relevance': 0.2, 'temporal_importance': 0.2, 'resource_cost': 0.2}, 'thresholds': {'discard_max': 0.25, 'buffer_max': 0.5, 'summary_max': 0.7}}",cwru_225_w0012_test,2,Ball Fault
0.600279688835144,0.003731979988515377,0.9000000357627869,1.0,0.504915177822113,0.39981930535286664,0.39981930535286664,BUFFER,,"{'weights': {'novelty': 0.2, 'uncertainty': 0.2, 'task_relevance': 0.2, 'temporal_importance': 0.2, 'resource_cost': 0.2}, 'thresholds': {'discard_max': 0.25, 'buffer_max': 0.5, 'summary_max': 0.7}}",cwru_225_w0013_test,2,Ball Fault
0.5428904891014099,0.0004492692241910845,0.8999992609024048,1.0,0.504915177822113,0.3876847682811786,0.3876847682811786,BUFFER,,"{'weights': {'novelty': 0.2, 'uncertainty': 0.2, 'task_relevance': 0.2, 'temporal_importance': 0.2, 'resource_cost': 0.2}, 'thresholds': {'discard_max': 0.25, 'buffer_max': 0.5, 'summary_max': 0.7}}",cwru_225_w0014_test,2,Ball Fault
0.6008353233337402,0.014310724101960659,0.8999994993209839,1.0,0.504915177822113,0.4020460737869144,0.4020460737869144,BUFFER,,"{'weights': {'novelty': 0.2, 'uncertainty': 0.2, 'task_relevance': 0.2, 'temporal_importance': 0.2, 'resource_cost': 0.2}, 'thresholds': {'discard_max': 0.25, 'buffer_max': 0.5, 'summary_max': 0.7}}",cwru_225_w0015_test,2,Ball Fault
0.5541057586669922,0.0003619832859840244,0.9000001549720764,1.0,0.504915177822113,0.38991054382058793,0.38991054382058793,BUFFER,,"{'weights': {'novelty': 0.2, 'uncertainty': 0.2, 'task_relevance': 0.2, 'temporal_importance': 0.2, 'resource_cost': 0.2}, 'thresholds': {'discard_max': 0.25, 'buffer_max': 0.5, 'summary_max': 0.7}}",cwru_225_w0016_test,2,Ball Fault
0.5697876214981079,0.000720075098797679,0.8999999165534973,1.0,0.504915177822113,0.393118487065658,0.393118487065658,BUFFER,,"{'weights': {'novelty': 0.2, 'uncertainty': 0.2, 'task_relevance': 0.2, 'temporal_importance': 0.2, 'resource_cost': 0.2}, 'thresholds': {'discard_max': 0.25, 'buffer_max': 0.5, 'summary_max': 0.7}}",cwru_225_w0017_test,2,Ball Fault
0.5624979734420776,0.0004491731524467468,0.9000000953674316,1.0,0.504915177822113,0.3916064128279686,0.3916064128279686,BUFFER,,"{'weights': {'novelty': 0.2, 'uncertainty': 0.2, 'task_relevance': 0.2, 'temporal_importance': 0.2, 'resource_cost': 0.2}, 'thresholds': {'discard_max': 0.25, 'buffer_max': 0.5, 'summary_max': 0.7}}",cwru_225_w0018_test,2,Ball Fault
0.5846627950668335,0.001653949380852282,0.8999999165534973,1.0,0.504915177822113,0.396280296635814,0.396280296635814,BUFFER,,"{'weights': {'novelty': 0.2, 'uncertainty': 0.2, 'task_relevance': 0.2, 'temporal_importance': 0.2, 'resource_cost': 0.2}, 'thresholds': {'discard_max': 0.25, 'buffer_max': 0.5, 'summary_max': 0.7}}",cwru_225_w0019_test,2,Ball Fault
0.5742274522781372,0.0006939101731404662,0.8999999761581421,1.0,0.504915177822113,0.39400123215746136,0.39400123215746136,BUFFER,,"{'weights': {'novelty': 0.2, 'uncertainty': 0.2, 'task_relevance': 0.2, 'temporal_importance': 0.2, 'resource_cost': 0.2}, 'thresholds': {'discard_max': 0.25, 'buffer_max': 0.5, 'summary_max': 0.7}}",cwru_225_w0020_test,2,Ball Fault
0.5513515472412109,0.0004229801124893129,0.8999999761581421,1.0,0.504915177822113,0.38937186513794586,0.38937186513794586,BUFFER,,"{'weights': {'novelty': 0.2, 'uncertainty': 0.2, 'task_relevance': 0.2, 'temporal_importance': 0.2, 'resource_cost': 0.2}, 'thresholds': {'discard_max': 0.25, 'buffer_max': 0.5, 'summary_max': 0.7}}",cwru_225_w0021_test,2,Ball Fault
0.5936195850372314,0.0013354169204831123,0.9000000357627869,1.0,0.504915177822113,0.3980079719796777,0.3980079719796777,BUFFER,,"{'weights': {'novelty': 0.2, 'uncertainty': 0.2, 'task_relevance': 0.2, 'temporal_importance': 0.2, 'resource_cost': 0.2}, 'thresholds': {'discard_max': 0.25, 'buffer_max': 0.5, 'summary_max': 0.7}}",cwru_225_w0022_test,2,Ball Fault
0.548359215259552,0.0004205105942673981,0.8999999761581421,1.0,0.504915177822113,0.3887729048379697,0.3887729048379697,BUFFER,,"{'weights': {'novelty': 0.2, 'uncertainty': 0.2, 'task_relevance': 0.2, 'temporal_importance': 0.2, 'resource_cost': 0.2}, 'thresholds': {'discard_max': 0.25, 'buffer_max': 0.5, 'summary_max': 0.7}}",cwru_225_w0023_test,2,Ball Fault
0.6054114699363708,0.008289895951747894,0.8999998569488525,1.0,0.504915177822113,0.4017572090029717,0.4017572090029717,BUFFER,,"{'weights': {'novelty': 0.2, 'uncertainty': 0.2, 'task_relevance': 0.2, 'temporal_importance': 0.2, 'resource_cost': 0.2}, 'thresholds': {'discard_max': 0.25, 'buffer_max': 0.5, 'summary_max': 0.7}}",cwru_225_w0024_test,2,Ball Fault
0.547193169593811,0.0006481984746642411,0.8999990820884705,1.0,0.504915177822113,0.38858505446696656,0.38858505446696656,BUFFER,,"{'weights': {'novelty': 0.2, 'uncertainty': 0.2, 'task_relevance': 0.2, 'temporal_importance': 0.2, 'resource_cost': 0.2}, 'thresholds': {'discard_max': 0.25, 'buffer_max': 0.5, 'summary_max': 0.7}}",cwru_225_w0025_test,2,Ball Fault
0.6066559553146362,0.00679689459502697,0.8999996781349182,1.0,0.504915177822113,0.40170747004449375,0.40170747004449375,BUFFER,,"{'weights': {'novelty': 0.2, 'uncertainty': 0.2, 'task_relevance': 0.2, 'temporal_importance': 0.2, 'resource_cost': 0.2}, 'thresholds': {'discard_max': 0.25, 'buffer_max': 0.5, 'summary_max': 0.7}}",cwru_225_w0026_test,2,Ball Fault
0.514134407043457,0.00023969626636244357,0.9000013470649719,1.0,0.504915177822113,0.3818920545105357,0.3818920545105357,BUFFER,,"{'weights': {'novelty': 0.2, 'uncertainty': 0.2, 'task_relevance': 0.2, 'temporal_importance': 0.2, 'resource_cost': 0.2}, 'thresholds': {'discard_max': 0.25, 'buffer_max': 0.5, 'summary_max': 0.7}}",cwru_225_w0027_test,2,Ball Fault
0.594385027885437,0.0029057252686470747,0.8999999761581421,1.0,0.504915177822113,0.39847511029802263,0.39847511029802263,BUFFER,,"{'weights': {'novelty': 0.2, 'uncertainty': 0.2, 'task_relevance': 0.2, 'temporal_importance': 0.2, 'resource_cost': 0.2}, 'thresholds': {'discard_max': 0.25, 'buffer_max': 0.5, 'summary_max': 0.7}}",cwru_225_w0028_test,2,Ball Fault
0.5510849356651306,0.0001590660394867882,0.9000012278556824,1.0,0.504915177822113,0.38926601034763736,0.38926601034763736,BUFFER,,"{'weights': {'novelty': 0.2, 'uncertainty': 0.2, 'task_relevance': 0.2, 'temporal_importance': 0.2, 'resource_cost': 0.2}, 'thresholds': {'discard_max': 0.25, 'buffer_max': 0.5, 'summary_max': 0.7}}",cwru_225_w0029_test,2,Ball Fault
0.568890392780304,0.0006567935342900455,0.9000001549720764,1.0,0.504915177822113,0.3929264326929115,0.3929264326929115,BUFFER,,"{'weights': {'novelty': 0.2, 'uncertainty': 0.2, 'task_relevance': 0.2, 'temporal_importance': 0.2, 'resource_cost': 0.2}, 'thresholds': {'discard_max': 0.25, 'buffer_max': 0.5, 'summary_max': 0.7}}",cwru_225_w0030_test,2,Ball Fault
0.5628406405448914,0.0005187928909435868,0.9000002145767212,1.0,0.504915177822113,0.3916888940380886,0.3916888940380886,BUFFER,,"{'weights': {'novelty': 0.2, 'uncertainty': 0.2, 'task_relevance': 0.2, 'temporal_importance': 0.2, 'resource_cost': 0.2}, 'thresholds': {'discard_max': 0.25, 'buffer_max': 0.5, 'summary_max': 0.7}}",cwru_225_w0031_test,2,Ball Fault
0.5668010115623474,0.0003944706404581666,0.9000001549720764,1.0,0.504915177822113,0.3924560918705538,0.3924560918705538,BUFFER,,"{'weights': {'novelty': 0.2, 'uncertainty': 0.2, 'task_relevance': 0.2, 'temporal_importance': 0.2, 'resource_cost': 0.2}, 'thresholds': {'discard_max': 0.25, 'buffer_max': 0.5, 'summary_max': 0.7}}",cwru_225_w0032_test,2,Ball Fault
0.5654537677764893,0.0012720857048407197,0.8999996781349182,1.0,0.504915177822113,0.39236207075882706,0.39236207075882706,BUFFER,,"{'weights': {'novelty': 0.2, 'uncertainty': 0.2, 'task_relevance': 0.2, 'temporal_importance': 0.2, 'resource_cost': 0.2}, 'thresholds': {'discard_max': 0.25, 'buffer_max': 0.5, 'summary_max': 0.7}}",cwru_225_w0033_test,2,Ball Fault
0.5525038242340088,0.0014322191709652543,0.8999992609024048,1.0,0.504915177822113,0.38980402529705316,0.38980402529705316,BUFFER,,"{'weights': {'novelty': 0.2, 'uncertainty': 0.2, 'task_relevance': 0.2, 'temporal_importance': 0.2, 'resource_cost': 0.2}, 'thresholds': {'discard_max': 0.25, 'buffer_max': 0.5, 'summary_max': 0.7}}",cwru_225_w0034_test,2,Ball Fault
0.6089496612548828,0.008744915015995502,0.8999998569488525,1.0,0.504915177822113,0.4025558510795236,0.4025558510795236,BUFFER,,"{'weights': {'novelty': 0.2, 'uncertainty': 0.2, 'task_relevance': 0.2, 'temporal_importance': 0.2, 'resource_cost': 0.2}, 'thresholds': {'discard_max': 0.25, 'buffer_max': 0.5, 'summary_max': 0.7}}",cwru_225_w0035_test,2,Ball Fault
0.5407217741012573,0.0002986391191370785,0.9000003337860107,1.0,0.504915177822113,0.3872211138368584,0.3872211138368584,BUFFER,,"{'weights': {'novelty': 0.2, 'uncertainty': 0.2, 'task_relevance': 0.2, 'temporal_importance': 0.2, 'resource_cost': 0.2}, 'thresholds': {'discard_max': 0.25, 'buffer_max': 0.5, 'summary_max': 0.7}}",cwru_225_w0036_test,2,Ball Fault
0.5915985703468323,0.0056811911053955555,0.8999995589256287,1.0,0.504915177822113,0.39847282851114874,0.39847282851114874,BUFFER,,"{'weights': {'novelty': 0.2, 'uncertainty': 0.2, 'task_relevance': 0.2, 'temporal_importance': 0.2, 'resource_cost': 0.2}, 'thresholds': {'discard_max': 0.25, 'buffer_max': 0.5, 'summary_max': 0.7}}",cwru_225_w0037_test,2,Ball Fault
0.5290257334709167,0.00020379624038469046,0.9000003337860107,1.0,0.504915177822113,0.38486293713503983,0.38486293713503983,BUFFER,,"{'weights': {'novelty': 0.2, 'uncertainty': 0.2, 'task_relevance': 0.2, 'temporal_importance': 0.2, 'resource_cost': 0.2}, 'thresholds': {'discard_max': 0.25, 'buffer_max': 0.5, 'summary_max': 0.7}}",cwru_225_w0038_test,2,Ball Fault
0.5955561399459839,0.0008771362481638789,0.9000000357627869,1.0,0.504915177822113,0.3983036268269643,0.3983036268269643,BUFFER,,"{'weights': {'novelty': 0.2, 'uncertainty': 0.2, 'task_relevance': 0.2, 'temporal_importance': 0.2, 'resource_cost': 0.2}, 'thresholds': {'discard_max': 0.25, 'buffer_max': 0.5, 'summary_max': 0.7}}",cwru_225_w0039_test,2,Ball Fault
0.555695116519928,0.0007202590350061655,0.8999997973442078,1.0,0.504915177822113,0.3902999990154058,0.3902999990154058,BUFFER,,"{'weights': {'novelty': 0.2, 'uncertainty': 0.2, 'task_relevance': 0.2, 'temporal_importance': 0.2, 'resource_cost': 0.2}, 'thresholds': {'discard_max': 0.25, 'buffer_max': 0.5, 'summary_max': 0.7}}",cwru_225_w0040_test,2,Ball Fault
0.5874311327934265,0.002998178591951728,0.8999998569488525,1.0,0.504915177822113,0.39710279810242355,0.39710279810242355,BUFFER,,"{'weights': {'novelty': 0.2, 'uncertainty': 0.2, 'task_relevance': 0.2, 'temporal_importance': 0.2, 'resource_cost': 0.2}, 'thresholds': {'discard_max': 0.25, 'buffer_max': 0.5, 'summary_max': 0.7}}",cwru_225_w0041_test,2,Ball Fault
0.5661941766738892,0.002162242541089654,0.8999995589256287,1.0,0.504915177822113,0.3926881600636989,0.3926881600636989,BUFFER,,"{'weights': {'novelty': 0.2, 'uncertainty': 0.2, 'task_relevance': 0.2, 'temporal_importance': 0.2, 'resource_cost': 0.2}, 'thresholds': {'discard_max': 0.25, 'buffer_max': 0.5, 'summary_max': 0.7}}",cwru_225_w0042_test,2,Ball Fault
0.5730997323989868,0.0011270914692431688,0.9000001549720764,1.0,0.504915177822113,0.3938623602036387,0.3938623602036387,BUFFER,,"{'weights': {'novelty': 0.2, 'uncertainty': 0.2, 'task_relevance': 0.2, 'temporal_importance': 0.2, 'resource_cost': 0.2}, 'thresholds': {'discard_max': 0.25, 'buffer_max': 0.5, 'summary_max': 0.7}}",cwru_225_w0043_test,2,Ball Fault
0.5646423101425171,0.0003961122129112482,0.900000274181366,1.0,0.504915177822113,0.3920247037429363,0.3920247037429363,BUFFER,,"{'weights': {'novelty': 0.2, 'uncertainty': 0.2, 'task_relevance': 0.2, 'temporal_importance': 0.2, 'resource_cost': 0.2}, 'thresholds': {'discard_max': 0.25, 'buffer_max': 0.5, 'summary_max': 0.7}}",cwru_225_w0044_test,2,Ball Fault
0.5520240068435669,0.00022476405138149858,0.9000001549720764,1.0,0.504915177822113,0.3894667496089824,0.3894667496089824,BUFFER,,"{'weights': {'novelty': 0.2, 'uncertainty': 0.2, 'task_relevance': 0.2, 'temporal_importance': 0.2, 'resource_cost': 0.2}, 'thresholds': {'discard_max': 0.25, 'buffer_max': 0.5, 'summary_max': 0.7}}",cwru_225_w0045_test,2,Ball Fault
0.5846514701843262,0.002014205092564225,0.899999737739563,1.0,0.504915177822113,0.39635004703886806,0.39635004703886806,BUFFER,,"{'weights': {'novelty': 0.2, 'uncertainty': 0.2, 'task_relevance': 0.2, 'temporal_importance': 0.2, 'resource_cost': 0.2}, 'thresholds': {'discard_max': 0.25, 'buffer_max': 0.5, 'summary_max': 0.7}}",cwru_225_w0046_test,2,Ball Fault
0.5527673959732056,0.000506835407577455,0.8999992609024048,1.0,0.504915177822113,0.389671662892215,0.389671662892215,BUFFER,,"{'weights': {'novelty': 0.2, 'uncertainty': 0.2, 'task_relevance': 0.2, 'temporal_importance': 0.2, 'resource_cost': 0.2}, 'thresholds': {'discard_max': 0.25, 'buffer_max': 0.5, 'summary_max': 0.7}}",cwru_225_w0047_test,2,Ball Fault
0.5837503671646118,0.0010682325810194016,0.9000000357627869,1.0,0.504915177822113,0.395980691537261,0.395980691537261,BUFFER,,"{'weights': {'novelty': 0.2, 'uncertainty': 0.2, 'task_relevance': 0.2, 'temporal_importance': 0.2, 'resource_cost': 0.2}, 'thresholds': {'discard_max': 0.25, 'buffer_max': 0.5, 'summary_max': 0.7}}",cwru_225_w0048_test,2,Ball Fault
0.5447758436203003,0.00016308636986650527,0.900000810623169,1.0,0.504915177822113,0.38800491255824454,0.38800491255824454,BUFFER,,"{'weights': {'novelty': 0.2, 'uncertainty': 0.2, 'task_relevance': 0.2, 'temporal_importance': 0.2, 'resource_cost': 0.2}, 'thresholds': {'discard_max': 0.25, 'buffer_max': 0.5, 'summary_max': 0.7}}",cwru_225_w0049_test,2,Ball Fault
0.5991326570510864,0.0020018029026687145,0.8999998569488525,1.0,0.504915177822113,0.39924382781609896,0.39924382781609896,BUFFER,,"{'weights': {'novelty': 0.2, 'uncertainty': 0.2, 'task_relevance': 0.2, 'temporal_importance': 0.2, 'resource_cost': 0.2}, 'thresholds': {'discard_max': 0.25, 'buffer_max': 0.5, 'summary_max': 0.7}}",cwru_225_w0050_test,2,Ball Fault
0.5440053343772888,0.00028363324236124754,0.9000001549720764,1.0,0.504915177822113,0.3878747889539227,0.3878747889539227,BUFFER,,"{'weights': {'novelty': 0.2, 'uncertainty': 0.2, 'task_relevance': 0.2, 'temporal_importance': 0.2, 'resource_cost': 0.2}, 'thresholds': {'discard_max': 0.25, 'buffer_max': 0.5, 'summary_max': 0.7}}",cwru_225_w0051_test,2,Ball Fault
0.597904622554779,0.0035300771705806255,0.8999999165534973,1.0,0.504915177822113,0.3993038876913488,0.3993038876913488,BUFFER,,"{'weights': {'novelty': 0.2, 'uncertainty': 0.2, 'task_relevance': 0.2, 'temporal_importance': 0.2, 'resource_cost': 0.2}, 'thresholds': {'discard_max': 0.25, 'buffer_max': 0.5, 'summary_max': 0.7}}",cwru_225_w0052_test,2,Ball Fault
0.5590640902519226,0.0004898366751149297,0.8999999761581421,1.0,0.504915177822113,0.39092774505261335,0.39092774505261335,BUFFER,,"{'weights': {'novelty': 0.2, 'uncertainty': 0.2, 'task_relevance': 0.2, 'temporal_importance': 0.2, 'resource_cost': 0.2}, 'thresholds': {'discard_max': 0.25, 'buffer_max': 0.5, 'summary_max': 0.7}}",cwru_225_w0053_test,2,Ball Fault
0.5789343118667603,0.0013537860941141844,0.899999737739563,1.0,0.504915177822113,0.39507453157566486,0.39507453157566486,BUFFER,,"{'weights': {'novelty': 0.2, 'uncertainty': 0.2, 'task_relevance': 0.2, 'temporal_importance': 0.2, 'resource_cost': 0.2}, 'thresholds': {'discard_max': 0.25, 'buffer_max': 0.5, 'summary_max': 0.7}}",cwru_225_w0054_test,2,Ball Fault
0.5769240856170654,0.007738640531897545,0.8999989628791809,1.0,0.504915177822113,0.39594930224120617,0.39594930224120617,BUFFER,,"{'weights': {'novelty': 0.2, 'uncertainty': 0.2, 'task_relevance': 0.2, 'temporal_importance': 0.2, 'resource_cost': 0.2}, 'thresholds': {'discard_max': 0.25, 'buffer_max': 0.5, 'summary_max': 0.7}}",cwru_225_w0055_test,2,Ball Fault
0.5765389800071716,0.0006893189274705946,0.8999999761581421,1.0,0.504915177822113,0.3944626194541343,0.3944626194541343,BUFFER,,"{'weights': {'novelty': 0.2, 'uncertainty': 0.2, 'task_relevance': 0.2, 'temporal_importance': 0.2, 'resource_cost': 0.2}, 'thresholds': {'discard_max': 0.25, 'buffer_max': 0.5, 'summary_max': 0.7}}",cwru_225_w0056_test,2,Ball Fault
0.5766677856445312,0.004458190873265266,0.8999990224838257,1.0,0.504915177822113,0.39524196423590185,0.39524196423590185,BUFFER,,"{'weights': {'novelty': 0.2, 'uncertainty': 0.2, 'task_relevance': 0.2, 'temporal_importance': 0.2, 'resource_cost': 0.2}, 'thresholds': {'discard_max': 0.25, 'buffer_max': 0.5, 'summary_max': 0.7}}",cwru_225_w0057_test,2,Ball Fault
0.5980001091957092,0.004165780730545521,0.8999999165534973,0.0,0.504915177822113,0.19945012573152782,0.19945012573152782,DISCARD,,"{'weights': {'novelty': 0.2, 'uncertainty': 0.2, 'task_relevance': 0.2, 'temporal_importance': 0.2, 'resource_cost': 0.2}, 'thresholds': {'discard_max': 0.25, 'buffer_max': 0.5, 'summary_max': 0.7}}",cwru_188_w0000_test,2,Ball Fault
0.5291464924812317,0.00017145719903055578,0.9000003337860107,1.0,0.504915177822113,0.384880621128832,0.384880621128832,BUFFER,,"{'weights': {'novelty': 0.2, 'uncertainty': 0.2, 'task_relevance': 0.2, 'temporal_importance': 0.2, 'resource_cost': 0.2}, 'thresholds': {'discard_max': 0.25, 'buffer_max': 0.5, 'summary_max': 0.7}}",cwru_188_w0001_test,2,Ball Fault
0.615342378616333,0.012249198742210865,0.8999997973442078,1.0,0.504915177822113,0.40453523937612773,0.40453523937612773,BUFFER,,"{'weights': {'novelty': 0.2, 'uncertainty': 0.2, 'task_relevance': 0.2, 'temporal_importance': 0.2, 'resource_cost': 0.2}, 'thresholds': {'discard_max': 0.25, 'buffer_max': 0.5, 'summary_max': 0.7}}",cwru_188_w0002_test,2,Ball Fault
0.5551931858062744,0.0003003465535584837,0.9000005125999451,1.0,0.504915177822113,0.390115773427533,0.390115773427533,BUFFER,,"{'weights': {'novelty': 0.2, 'uncertainty': 0.2, 'task_relevance': 0.2, 'temporal_importance': 0.2, 'resource_cost': 0.2}, 'thresholds': {'discard_max': 0.25, 'buffer_max': 0.5, 'summary_max': 0.7}}",cwru_188_w0003_test,2,Ball Fault
0.5839595794677734,0.0021112130489200354,0.899999737739563,1.0,0.504915177822113,0.3962310704868287,0.3962310704868287,BUFFER,,"{'weights': {'novelty': 0.2, 'uncertainty': 0.2, 'task_relevance': 0.2, 'temporal_importance': 0.2, 'resource_cost': 0.2}, 'thresholds': {'discard_max': 0.25, 'buffer_max': 0.5, 'summary_max': 0.7}}",cwru_188_w0004_test,2,Ball Fault
0.5609020590782166,0.0020084502175450325,0.8999987244606018,1.0,0.504915177822113,0.3915988111868501,0.3915988111868501,BUFFER,,"{'weights': {'novelty': 0.2, 'uncertainty': 0.2, 'task_relevance': 0.2, 'temporal_importance': 0.2, 'resource_cost': 0.2}, 'thresholds': {'discard_max': 0.25, 'buffer_max': 0.5, 'summary_max': 0.7}}",cwru_188_w0005_test,2,Ball Fault
0.5781956315040588,0.0006390555645339191,0.9000003337860107,1.0,0.504915177822113,0.3947839686064981,0.3947839686064981,BUFFER,,"{'weights': {'novelty': 0.2, 'uncertainty': 0.2, 'task_relevance': 0.2, 'temporal_importance': 0.2, 'resource_cost': 0.2}, 'thresholds': {'discard_max': 0.25, 'buffer_max': 0.5, 'summary_max': 0.7}}",cwru_188_w0006_test,2,Ball Fault
0.568439245223999,0.0004966040723957121,0.8999999165534973,1.0,0.504915177822113,0.3928041176055558,0.3928041176055558,BUFFER,,"{'weights': {'novelty': 0.2, 'uncertainty': 0.2, 'task_relevance': 0.2, 'temporal_importance': 0.2, 'resource_cost': 0.2}, 'thresholds': {'discard_max': 0.25, 'buffer_max': 0.5, 'summary_max': 0.7}}",cwru_188_w0007_test,2,Ball Fault
0.5583598613739014,0.00037622672971338034,0.9000001549720764,1.0,0.504915177822113,0.3907642130507156,0.3907642130507156,BUFFER,,"{'weights': {'novelty': 0.2, 'uncertainty': 0.2, 'task_relevance': 0.2, 'temporal_importance': 0.2, 'resource_cost': 0.2}, 'thresholds': {'discard_max': 0.25, 'buffer_max': 0.5, 'summary_max': 0.7}}",cwru_188_w0008_test,2,Ball Fault
0.595233142375946,0.0035872559528797865,0.8999999165534973,1.0,0.504915177822113,0.398781027412042,0.398781027412042,BUFFER,,"{'weights': {'novelty': 0.2, 'uncertainty': 0.2, 'task_relevance': 0.2, 'temporal_importance': 0.2, 'resource_cost': 0.2}, 'thresholds': {'discard_max': 0.25, 'buffer_max': 0.5, 'summary_max': 0.7}}",cwru_188_w0009_test,2,Ball Fault
0.5438724756240845,0.0003770364273805171,0.8999999165534973,1.0,0.504915177822113,0.38786685015656985,0.38786685015656985,BUFFER,,"{'weights': {'novelty': 0.2, 'uncertainty': 0.2, 'task_relevance': 0.2, 'temporal_importance': 0.2, 'resource_cost': 0.2}, 'thresholds': {'discard_max': 0.25, 'buffer_max': 0.5, 'summary_max': 0.7}}",cwru_188_w0010_test,2,Ball Fault
0.5999341607093811,0.006332153920084238,0.8999999761581421,1.0,0.504915177822113,0.4002702225930989,0.4002702225930989,BUFFER,,"{'weights': {'novelty': 0.2, 'uncertainty': 0.2, 'task_relevance': 0.2, 'temporal_importance': 0.2, 'resource_cost': 0.2}, 'thresholds': {'discard_max': 0.25, 'buffer_max': 0.5, 'summary_max': 0.7}}",cwru_188_w0011_test,2,Ball Fault
0.5491595268249512,0.00036149565130472183,0.9000000357627869,1.0,0.504915177822113,0.38892117608338594,0.38892117608338594,BUFFER,,"{'weights': {'novelty': 0.2, 'uncertainty': 0.2, 'task_relevance': 0.2, 'temporal_importance': 0.2, 'resource_cost': 0.2}, 'thresholds': {'discard_max': 0.25, 'buffer_max': 0.5, 'summary_max': 0.7}}",cwru_188_w0012_test,2,Ball Fault
0.5982382297515869,0.001157253049314022,0.9000002145767212,1.0,0.504915177822113,0.39889610391110186,0.39889610391110186,BUFFER,,"{'weights': {'novelty': 0.2, 'uncertainty': 0.2, 'task_relevance': 0.2, 'temporal_importance': 0.2, 'resource_cost': 0.2}, 'thresholds': {'discard_max': 0.25, 'buffer_max': 0.5, 'summary_max': 0.7}}",cwru_188_w0013_test,2,Ball Fault
0.5391667485237122,0.00026291224639862776,0.8999996781349182,1.0,0.504915177822113,0.3869028322165832,0.3869028322165832,BUFFER,,"{'weights': {'novelty': 0.2, 'uncertainty': 0.2, 'task_relevance': 0.2, 'temporal_importance': 0.2, 'resource_cost': 0.2}, 'thresholds': {'discard_max': 0.25, 'buffer_max': 0.5, 'summary_max': 0.7}}",cwru_188_w0014_test,2,Ball Fault
0.5942783951759338,0.006443611346185207,0.8999998569488525,1.0,0.504915177822113,0.3991613371297717,0.3991613371297717,BUFFER,,"{'weights': {'novelty': 0.2, 'uncertainty': 0.2, 'task_relevance': 0.2, 'temporal_importance': 0.2, 'resource_cost': 0.2}, 'thresholds': {'discard_max': 0.25, 'buffer_max': 0.5, 'summary_max': 0.7}}",cwru_188_w0015_test,2,Ball Fault
0.5481722354888916,0.000230598307098262,0.9000000357627869,1.0,0.504915177822113,0.3886975383473327,0.3886975383473327,BUFFER,,"{'weights': {'novelty': 0.2, 'uncertainty': 0.2, 'task_relevance': 0.2, 'temporal_importance': 0.2, 'resource_cost': 0.2}, 'thresholds': {'discard_max': 0.25, 'buffer_max': 0.5, 'summary_max': 0.7}}",cwru_188_w0016_test,2,Ball Fault
0.5721953511238098,0.0005318765179254115,0.9000000357627869,1.0,0.504915177822113,0.3935624171164818,0.3935624171164818,BUFFER,,"{'weights': {'novelty': 0.2, 'uncertainty': 0.2, 'task_relevance': 0.2, 'temporal_importance': 0.2, 'resource_cost': 0.2}, 'thresholds': {'discard_max': 0.25, 'buffer_max': 0.5, 'summary_max': 0.7}}",cwru_188_w0017_test,2,Ball Fault
0.576816976070404,0.0008977074176073074,0.8999999761581421,1.0,0.504915177822113,0.3945598963648081,0.3945598963648081,BUFFER,,"{'weights': {'novelty': 0.2, 'uncertainty': 0.2, 'task_relevance': 0.2, 'temporal_importance': 0.2, 'resource_cost': 0.2}, 'thresholds': {'discard_max': 0.25, 'buffer_max': 0.5, 'summary_max': 0.7}}",cwru_188_w0018_test,2,Ball Fault
0.5583101511001587,0.000184954289579764,0.9000003337860107,1.0,0.504915177822113,0.39071605227072725,0.39071605227072725,BUFFER,,"{'weights': {'novelty': 0.2, 'uncertainty': 0.2, 'task_relevance': 0.2, 'temporal_importance': 0.2, 'resource_cost': 0.2}, 'thresholds': {'discard_max': 0.25, 'buffer_max': 0.5, 'summary_max': 0.7}}",cwru_188_w0019_test,2,Ball Fault
0.5854564309120178,0.00176729797385633,0.8999999165534973,1.0,0.504915177822113,0.3964616935234517,0.3964616935234517,BUFFER,,"{'weights': {'novelty': 0.2, 'uncertainty': 0.2, 'task_relevance': 0.2, 'temporal_importance': 0.2, 'resource_cost': 0.2}, 'thresholds': {'discard_max': 0.25, 'buffer_max': 0.5, 'summary_max': 0.7}}",cwru_188_w0020_test,2,Ball Fault
0.5523009896278381,0.0008883530972525477,0.8999993801116943,1.0,0.504915177822113,0.3896547090029344,0.3896547090029344,BUFFER,,"{'weights': {'novelty': 0.2, 'uncertainty': 0.2, 'task_relevance': 0.2, 'temporal_importance': 0.2, 'resource_cost': 0.2}, 'thresholds': {'discard_max': 0.25, 'buffer_max': 0.5, 'summary_max': 0.7}}",cwru_188_w0021_test,2,Ball Fault
0.6051061749458313,0.009171846322715282,0.899999737739563,1.0,0.504915177822113,0.4018725162371994,0.4018725162371994,BUFFER,,"{'weights': {'novelty': 0.2, 'uncertainty': 0.2, 'task_relevance': 0.2, 'temporal_importance': 0.2, 'resource_cost': 0.2}, 'thresholds': {'discard_max': 0.25, 'buffer_max': 0.5, 'summary_max': 0.7}}",cwru_188_w0022_test,2,Ball Fault
0.5438674092292786,0.0003078338340856135,0.900000274181366,1.0,0.504915177822113,0.3878520678845234,0.3878520678845234,BUFFER,,"{'weights': {'novelty': 0.2, 'uncertainty': 0.2, 'task_relevance': 0.2, 'temporal_importance': 0.2, 'resource_cost': 0.2}, 'thresholds': {'discard_max': 0.25, 'buffer_max': 0.5, 'summary_max': 0.7}}",cwru_188_w0023_test,2,Ball Fault
0.5879585146903992,0.003936531487852335,0.8999996185302734,1.0,0.504915177822113,0.3973958973772824,0.3973958973772824,BUFFER,,"{'weights': {'novelty': 0.2, 'uncertainty': 0.2, 'task_relevance': 0.2, 'temporal_importance': 0.2, 'resource_cost': 0.2}, 'thresholds': {'discard_max': 0.25, 'buffer_max': 0.5, 'summary_max': 0.7}}",cwru_188_w0024_test,2,Ball Fault
0.5412763953208923,0.0004972131573595107,0.8999990820884705,1.0,0.504915177822113,0.3873715025489219,0.3873715025489219,BUFFER,,"{'weights': {'novelty': 0.2, 'uncertainty': 0.2, 'task_relevance': 0.2, 'temporal_importance': 0.2, 'resource_cost': 0.2}, 'thresholds': {'discard_max': 0.25, 'buffer_max': 0.5, 'summary_max': 0.7}}",cwru_188_w0025_test,2,Ball Fault
0.5988074541091919,0.002877888036891818,0.8999999761581421,1.0,0.504915177822113,0.39935402809642256,0.39935402809642256,BUFFER,,"{'weights': {'novelty': 0.2, 'uncertainty': 0.2, 'task_relevance': 0.2, 'temporal_importance': 0.2, 'resource_cost': 0.2}, 'thresholds': {'discard_max': 0.25, 'buffer_max': 0.5, 'summary_max': 0.7}}",cwru_188_w0026_test,2,Ball Fault
0.5286821126937866,0.00019102630903944373,0.8999999761581421,1.0,0.504915177822113,0.38479158746777103,0.38479158746777103,BUFFER,,"{'weights': {'novelty': 0.2, 'uncertainty': 0.2, 'task_relevance': 0.2, 'temporal_importance': 0.2, 'resource_cost': 0.2}, 'thresholds': {'discard_max': 0.25, 'buffer_max': 0.5, 'summary_max': 0.7}}",cwru_188_w0027_test,2,Ball Fault
0.5787336826324463,0.0005562508013099432,0.9000000953674316,1.0,0.504915177822113,0.39487497019581497,0.39487497019581497,BUFFER,,"{'weights': {'novelty': 0.2, 'uncertainty': 0.2, 'task_relevance': 0.2, 'temporal_importance': 0.2, 'resource_cost': 0.2}, 'thresholds': {'discard_max': 0.25, 'buffer_max': 0.5, 'summary_max': 0.7}}",cwru_188_w0028_test,2,Ball Fault
0.5519798994064331,0.0002360011130804196,0.9000000357627869,1.0,0.504915177822113,0.3894601516920375,0.3894601516920375,BUFFER,,"{'weights': {'novelty': 0.2, 'uncertainty': 0.2, 'task_relevance': 0.2, 'temporal_importance': 0.2, 'resource_cost': 0.2}, 'thresholds': {'discard_max': 0.25, 'buffer_max': 0.5, 'summary_max': 0.7}}",cwru_188_w0029_test,2,Ball Fault
0.5559932589530945,0.00015860400162637234,0.9000006318092346,1.0,0.504915177822113,0.39024746338836847,0.39024746338836847,BUFFER,,"{'weights': {'novelty': 0.2, 'uncertainty': 0.2, 'task_relevance': 0.2, 'temporal_importance': 0.2, 'resource_cost': 0.2}, 'thresholds': {'discard_max': 0.25, 'buffer_max': 0.5, 'summary_max': 0.7}}",cwru_188_w0030_test,2,Ball Fault
0.5558387041091919,0.0003313264169264585,0.8999999165534973,1.0,0.504915177822113,0.39025095385150055,0.39025095385150055,BUFFER,,"{'weights': {'novelty': 0.2, 'uncertainty': 0.2, 'task_relevance': 0.2, 'temporal_importance': 0.2, 'resource_cost': 0.2}, 'thresholds': {'discard_max': 0.25, 'buffer_max': 0.5, 'summary_max': 0.7}}",cwru_188_w0031_test,2,Ball Fault
0.5601464509963989,0.0004582654219120741,0.9000000357627869,1.0,0.504915177822113,0.39113791487179694,0.39113791487179694,BUFFER,,"{'weights': {'novelty': 0.2, 'uncertainty': 0.2, 'task_relevance': 0.2, 'temporal_importance': 0.2, 'resource_cost': 0.2}, 'thresholds': {'discard_max': 0.25, 'buffer_max': 0.5, 'summary_max': 0.7}}",cwru_188_w0032_test,2,Ball Fault
0.5888236165046692,0.0005910794716328382,0.9000000953674316,1.0,0.504915177822113,0.39689992270432417,0.39689992270432417,BUFFER,,"{'weights': {'novelty': 0.2, 'uncertainty': 0.2, 'task_relevance': 0.2, 'temporal_importance': 0.2, 'resource_cost': 0.2}, 'thresholds': {'discard_max': 0.25, 'buffer_max': 0.5, 'summary_max': 0.7}}",cwru_188_w0033_test,2,Ball Fault
0.5538265705108643,0.0011119752889499068,0.8999989628791809,1.0,0.504915177822113,0.3900044661713764,0.3900044661713764,BUFFER,,"{'weights': {'novelty': 0.2, 'uncertainty': 0.2, 'task_relevance': 0.2, 'temporal_importance': 0.2, 'resource_cost': 0.2}, 'thresholds': {'discard_max': 0.25, 'buffer_max': 0.5, 'summary_max': 0.7}}",cwru_188_w0034_test,2,Ball Fault
0.587317943572998,0.0014506756560876966,0.8999995589256287,1.0,0.504915177822113,0.3967706000665203,0.3967706000665203,BUFFER,,"{'weights': {'novelty': 0.2, 'uncertainty': 0.2, 'task_relevance': 0.2, 'temporal_importance': 0.2, 'resource_cost': 0.2}, 'thresholds': {'discard_max': 0.25, 'buffer_max': 0.5, 'summary_max': 0.7}}",cwru_188_w0035_test,2,Ball Fault
0.545072615146637,0.000265951210167259,0.9000007510185242,1.0,0.504915177822113,0.38808482791064314,0.38808482791064314,BUFFER,,"{'weights': {'novelty': 0.2, 'uncertainty': 0.2, 'task_relevance': 0.2, 'temporal_importance': 0.2, 'resource_cost': 0.2}, 'thresholds': {'discard_max': 0.25, 'buffer_max': 0.5, 'summary_max': 0.7}}",cwru_188_w0036_test,2,Ball Fault
0.5815570950508118,0.0004626549198292196,0.9000001549720764,1.0,0.504915177822113,0.3954209454241209,0.3954209454241209,BUFFER,,"{'weights': {'novelty': 0.2, 'uncertainty': 0.2, 'task_relevance': 0.2, 'temporal_importance': 0.2, 'resource_cost': 0.2}, 'thresholds': {'discard_max': 0.25, 'buffer_max': 0.5, 'summary_max': 0.7}}",cwru_188_w0037_test,2,Ball Fault
0.5273783206939697,0.00019221994443796575,0.9000011086463928,1.0,0.504915177822113,0.3845312942925375,0.3845312942925375,BUFFER,,"{'weights': {'novelty': 0.2, 'uncertainty': 0.2, 'task_relevance': 0.2, 'temporal_importance': 0.2, 'resource_cost': 0.2}, 'thresholds': {'discard_max': 0.25, 'buffer_max': 0.5, 'summary_max': 0.7}}",cwru_188_w0038_test,2,Ball Fault
0.6097280979156494,0.017338844016194344,0.8999996781349182,1.0,0.504915177822113,0.40443028844892986,0.40443028844892986,BUFFER,,"{'weights': {'novelty': 0.2, 'uncertainty': 0.2, 'task_relevance': 0.2, 'temporal_importance': 0.2, 'resource_cost': 0.2}, 'thresholds': {'discard_max': 0.25, 'buffer_max': 0.5, 'summary_max': 0.7}}",cwru_188_w0039_test,2,Ball Fault
0.5423207879066467,0.00030022585997357965,0.8999999165534973,1.0,0.504915177822113,0.3875411504996009,0.3875411504996009,BUFFER,,"{'weights': {'novelty': 0.2, 'uncertainty': 0.2, 'task_relevance': 0.2, 'temporal_importance': 0.2, 'resource_cost': 0.2}, 'thresholds': {'discard_max': 0.25, 'buffer_max': 0.5, 'summary_max': 0.7}}",cwru_188_w0040_test,2,Ball Fault
0.5821704268455505,0.0020284680649638176,0.8999997973442078,1.0,0.504915177822113,0.39585670288652186,0.39585670288652186,BUFFER,,"{'weights': {'novelty': 0.2, 'uncertainty': 0.2, 'task_relevance': 0.2, 'temporal_importance': 0.2, 'resource_cost': 0.2}, 'thresholds': {'discard_max': 0.25, 'buffer_max': 0.5, 'summary_max': 0.7}}",cwru_188_w0041_test,2,Ball Fault
0.5431676506996155,0.0002895102952606976,0.9000002145767212,1.0,0.504915177822113,0.38770843954989687,0.38770843954989687,BUFFER,,"{'weights': {'novelty': 0.2, 'uncertainty': 0.2, 'task_relevance': 0.2, 'temporal_importance': 0.2, 'resource_cost': 0.2}, 'thresholds': {'discard_max': 0.25, 'buffer_max': 0.5, 'summary_max': 0.7}}",cwru_188_w0042_test,2,Ball Fault
0.5730794668197632,0.0004401939222589135,0.9000002145767212,1.0,0.504915177822113,0.3937209394993261,0.3937209394993261,BUFFER,,"{'weights': {'novelty': 0.2, 'uncertainty': 0.2, 'task_relevance': 0.2, 'temporal_importance': 0.2, 'resource_cost': 0.2}, 'thresholds': {'discard_max': 0.25, 'buffer_max': 0.5, 'summary_max': 0.7}}",cwru_188_w0043_test,2,Ball Fault
0.5801726579666138,0.002474540611729026,0.899999737739563,1.0,0.504915177822113,0.3955463516991585,0.3955463516991585,BUFFER,,"{'weights': {'novelty': 0.2, 'uncertainty': 0.2, 'task_relevance': 0.2, 'temporal_importance': 0.2, 'resource_cost': 0.2}, 'thresholds': {'discard_max': 0.25, 'buffer_max': 0.5, 'summary_max': 0.7}}",cwru_188_w0044_test,2,Ball Fault
0.5643583536148071,0.0005878363735973835,0.9000001549720764,1.0,0.504915177822113,0.3920062334276736,0.3920062334276736,BUFFER,,"{'weights': {'novelty': 0.2, 'uncertainty': 0.2, 'task_relevance': 0.2, 'temporal_importance': 0.2, 'resource_cost': 0.2}, 'thresholds': {'discard_max': 0.25, 'buffer_max': 0.5, 'summary_max': 0.7}}",cwru_188_w0045_test,2,Ball Fault
0.5917007923126221,0.0006253400351852179,0.9000000357627869,1.0,0.504915177822113,0.39748219805769625,0.39748219805769625,BUFFER,,"{'weights': {'novelty': 0.2, 'uncertainty': 0.2, 'task_relevance': 0.2, 'temporal_importance': 0.2, 'resource_cost': 0.2}, 'thresholds': {'discard_max': 0.25, 'buffer_max': 0.5, 'summary_max': 0.7}}",cwru_188_w0046_test,2,Ball Fault
0.5482124090194702,0.0010974804172292352,0.8999985456466675,1.0,0.504915177822113,0.38887865145225076,0.38887865145225076,BUFFER,,"{'weights': {'novelty': 0.2, 'uncertainty': 0.2, 'task_relevance': 0.2, 'temporal_importance': 0.2, 'resource_cost': 0.2}, 'thresholds': {'discard_max': 0.25, 'buffer_max': 0.5, 'summary_max': 0.7}}",cwru_188_w0047_test,2,Ball Fault
0.6040613651275635,0.006933944299817085,0.8999999165534973,1.0,0.504915177822113,0.4012160096317529,0.4012160096317529,BUFFER,,"{'weights': {'novelty': 0.2, 'uncertainty': 0.2, 'task_relevance': 0.2, 'temporal_importance': 0.2, 'resource_cost': 0.2}, 'thresholds': {'discard_max': 0.25, 'buffer_max': 0.5, 'summary_max': 0.7}}",cwru_188_w0048_test,2,Ball Fault
0.5510698556900024,0.00021813332568854094,0.9000006318092346,1.0,0.504915177822113,0.3892746886005625,0.3892746886005625,BUFFER,,"{'weights': {'novelty': 0.2, 'uncertainty': 0.2, 'task_relevance': 0.2, 'temporal_importance': 0.2, 'resource_cost': 0.2}, 'thresholds': {'discard_max': 0.25, 'buffer_max': 0.5, 'summary_max': 0.7}}",cwru_188_w0049_test,2,Ball Fault
0.6128399968147278,0.028487881645560265,0.8999995589256287,1.0,0.504915177822113,0.40728245191276075,0.40728245191276075,BUFFER,,"{'weights': {'novelty': 0.2, 'uncertainty': 0.2, 'task_relevance': 0.2, 'temporal_importance': 0.2, 'resource_cost': 0.2}, 'thresholds': {'discard_max': 0.25, 'buffer_max': 0.5, 'summary_max': 0.7}}",cwru_188_w0050_test,2,Ball Fault
0.5357019305229187,0.00025915063451975584,0.9000003337860107,1.0,0.504915177822113,0.3862092474242672,0.3862092474242672,BUFFER,,"{'weights': {'novelty': 0.2, 'uncertainty': 0.2, 'task_relevance': 0.2, 'temporal_importance': 0.2, 'resource_cost': 0.2}, 'thresholds': {'discard_max': 0.25, 'buffer_max': 0.5, 'summary_max': 0.7}}",cwru_188_w0051_test,2,Ball Fault
0.5932539701461792,0.002364750951528549,0.8999999165534973,1.0,0.504915177822113,0.3981406919658184,0.3981406919658184,BUFFER,,"{'weights': {'novelty': 0.2, 'uncertainty': 0.2, 'task_relevance': 0.2, 'temporal_importance': 0.2, 'resource_cost': 0.2}, 'thresholds': {'discard_max': 0.25, 'buffer_max': 0.5, 'summary_max': 0.7}}",cwru_188_w0052_test,2,Ball Fault
0.5451335310935974,0.00025550503050908446,0.9000001549720764,1.0,0.504915177822113,0.388094802654814,0.388094802654814,BUFFER,,"{'weights': {'novelty': 0.2, 'uncertainty': 0.2, 'task_relevance': 0.2, 'temporal_importance': 0.2, 'resource_cost': 0.2}, 'thresholds': {'discard_max': 0.25, 'buffer_max': 0.5, 'summary_max': 0.7}}",cwru_188_w0053_test,2,Ball Fault
0.5964267253875732,0.01818883791565895,0.8999989628791809,1.0,0.504915177822113,0.40193986967206,0.40193986967206,BUFFER,,"{'weights': {'novelty': 0.2, 'uncertainty': 0.2, 'task_relevance': 0.2, 'temporal_importance': 0.2, 'resource_cost': 0.2}, 'thresholds': {'discard_max': 0.25, 'buffer_max': 0.5, 'summary_max': 0.7}}",cwru_188_w0054_test,2,Ball Fault
0.565729558467865,0.00042409944580867887,0.899999737739563,1.0,0.504915177822113,0.3922476435662247,0.3922476435662247,BUFFER,,"{'weights': {'novelty': 0.2, 'uncertainty': 0.2, 'task_relevance': 0.2, 'temporal_importance': 0.2, 'resource_cost': 0.2}, 'thresholds': {'discard_max': 0.25, 'buffer_max': 0.5, 'summary_max': 0.7}}",cwru_188_w0055_test,2,Ball Fault
0.5843820571899414,0.0006585922092199326,0.9000002145767212,1.0,0.504915177822113,0.3960251372307539,0.3960251372307539,BUFFER,,"{'weights': {'novelty': 0.2, 'uncertainty': 0.2, 'task_relevance': 0.2, 'temporal_importance': 0.2, 'resource_cost': 0.2}, 'thresholds': {'discard_max': 0.25, 'buffer_max': 0.5, 'summary_max': 0.7}}",cwru_188_w0056_test,2,Ball Fault
0.5723692178726196,0.0010482420912012458,0.899999737739563,1.0,0.504915177822113,0.39370040397625417,0.39370040397625417,BUFFER,,"{'weights': {'novelty': 0.2, 'uncertainty': 0.2, 'task_relevance': 0.2, 'temporal_importance': 0.2, 'resource_cost': 0.2}, 'thresholds': {'discard_max': 0.25, 'buffer_max': 0.5, 'summary_max': 0.7}}",cwru_188_w0057_test,2,Ball Fault
0.7415795922279358,0.0007008040556684136,0.8999999761581421,0.0,0.504915177822113,0.22747303892392667,0.22747303892392667,DISCARD,,"{'weights': {'novelty': 0.2, 'uncertainty': 0.2, 'task_relevance': 0.2, 'temporal_importance': 0.2, 'resource_cost': 0.2}, 'thresholds': {'discard_max': 0.25, 'buffer_max': 0.5, 'summary_max': 0.7}}",cwru_235_w0000_test,3,Outer Race Fault
0.7528260946273804,0.0006360845873132348,0.9000000357627869,1.0,0.504915177822113,0.4297094074310735,0.4297094074310735,BUFFER,,"{'weights': {'novelty': 0.2, 'uncertainty': 0.2, 'task_relevance': 0.2, 'temporal_importance': 0.2, 'resource_cost': 0.2}, 'thresholds': {'discard_max': 0.25, 'buffer_max': 0.5, 'summary_max': 0.7}}",cwru_235_w0001_test,3,Outer Race Fault
0.7683259844779968,0.0003751886251848191,0.9000000357627869,1.0,0.504915177822113,0.4327572062087712,0.4327572062087712,BUFFER,,"{'weights': {'novelty': 0.2, 'uncertainty': 0.2, 'task_relevance': 0.2, 'temporal_importance': 0.2, 'resource_cost': 0.2}, 'thresholds': {'discard_max': 0.25, 'buffer_max': 0.5, 'summary_max': 0.7}}",cwru_235_w0002_test,3,Outer Race Fault
0.7561811208724976,0.0005283118807710707,0.8999999165534973,1.0,0.504915177822113,0.4303588342969306,0.4303588342969306,BUFFER,,"{'weights': {'novelty': 0.2, 'uncertainty': 0.2, 'task_relevance': 0.2, 'temporal_importance': 0.2, 'resource_cost': 0.2}, 'thresholds': {'discard_max': 0.25, 'buffer_max': 0.5, 'summary_max': 0.7}}",cwru_235_w0003_test,3,Outer Race Fault
0.7375947833061218,0.001790483482182026,0.8999999761581421,1.0,0.504915177822113,0.42689401302486657,0.42689401302486657,BUFFER,,"{'weights': {'novelty': 0.2, 'uncertainty': 0.2, 'task_relevance': 0.2, 'temporal_importance': 0.2, 'resource_cost': 0.2}, 'thresholds': {'discard_max': 0.25, 'buffer_max': 0.5, 'summary_max': 0.7}}",cwru_235_w0004_test,3,Outer Race Fault
0.7461400032043457,0.0011360900243744254,0.8999999761581421,1.0,0.504915177822113,0.42847217831294987,0.42847217831294987,BUFFER,,"{'weights': {'novelty': 0.2, 'uncertainty': 0.2, 'task_relevance': 0.2, 'temporal_importance': 0.2, 'resource_cost': 0.2}, 'thresholds': {'discard_max': 0.25, 'buffer_max': 0.5, 'summary_max': 0.7}}",cwru_235_w0005_test,3,Outer Race Fault
0.7511978149414062,0.0006724305567331612,0.9000000357627869,1.0,0.504915177822113,0.42939102068776264,0.42939102068776264,BUFFER,,"{'weights': {'novelty': 0.2, 'uncertainty': 0.2, 'task_relevance': 0.2, 'temporal_importance': 0.2, 'resource_cost': 0.2}, 'thresholds': {'discard_max': 0.25, 'buffer_max': 0.5, 'summary_max': 0.7}}",cwru_235_w0006_test,3,Outer Race Fault
0.755042552947998,0.0007823794730938971,0.8999999761581421,1.0,0.504915177822113,0.4301819461514242,0.4301819461514242,BUFFER,,"{'weights': {'novelty': 0.2, 'uncertainty': 0.2, 'task_relevance': 0.2, 'temporal_importance': 0.2, 'resource_cost': 0.2}, 'thresholds': {'discard_max': 0.25, 'buffer_max': 0.5, 'summary_max': 0.7}}",cwru_235_w0007_test,3,Outer Race Fault
0.7416086792945862,0.0009017692063935101,0.8999999761581421,1.0,0.504915177822113,0.42751904936740187,0.42751904936740187,BUFFER,,"{'weights': {'novelty': 0.2, 'uncertainty': 0.2, 'task_relevance': 0.2, 'temporal_importance': 0.2, 'resource_cost': 0.2}, 'thresholds': {'discard_max': 0.25, 'buffer_max': 0.5, 'summary_max': 0.7}}",cwru_235_w0008_test,3,Outer Race Fault
0.754446268081665,0.0006932087708264589,0.9000000357627869,1.0,0.504915177822113,0.43004486695863314,0.43004486695863314,BUFFER,,"{'weights': {'novelty': 0.2, 'uncertainty': 0.2, 'task_relevance': 0.2, 'temporal_importance': 0.2, 'resource_cost': 0.2}, 'thresholds': {'discard_max': 0.25, 'buffer_max': 0.5, 'summary_max': 0.7}}",cwru_235_w0009_test,3,Outer Race Fault
0.7673805952072144,0.0003387364558875561,0.8999999761581421,1.0,0.504915177822113,0.4325608259998262,0.4325608259998262,BUFFER,,"{'weights': {'novelty': 0.2, 'uncertainty': 0.2, 'task_relevance': 0.2, 'temporal_importance': 0.2, 'resource_cost': 0.2}, 'thresholds': {'discard_max': 0.25, 'buffer_max': 0.5, 'summary_max': 0.7}}",cwru_235_w0010_test,3,Outer Race Fault
0.7520242929458618,0.0007569381268694997,0.8999999165534973,1.0,0.504915177822113,0.4295731939608231,0.4295731939608231,BUFFER,,"{'weights': {'novelty': 0.2, 'uncertainty': 0.2, 'task_relevance': 0.2, 'temporal_importance': 0.2, 'resource_cost': 0.2}, 'thresholds': {'discard_max': 0.25, 'buffer_max': 0.5, 'summary_max': 0.7}}",cwru_235_w0011_test,3,Outer Race Fault
0.7406600117683411,0.001105229719541967,0.8999999761581421,1.0,0.504915177822113,0.42737000796478236,0.42737000796478236,BUFFER,,"{'weights': {'novelty': 0.2, 'uncertainty': 0.2, 'task_relevance': 0.2, 'temporal_importance': 0.2, 'resource_cost': 0.2}, 'thresholds': {'discard_max': 0.25, 'buffer_max': 0.5, 'summary_max': 0.7}}",cwru_235_w0012_test,3,Outer Race Fault
0.7536100745201111,0.0006939827580936253,0.9000000357627869,1.0,0.504915177822113,0.4298777830437757,0.4298777830437757,BUFFER,,"{'weights': {'novelty': 0.2, 'uncertainty': 0.2, 'task_relevance': 0.2, 'temporal_importance': 0.2, 'resource_cost': 0.2}, 'thresholds': {'discard_max': 0.25, 'buffer_max': 0.5, 'summary_max': 0.7}}",cwru_235_w0013_test,3,Outer Race Fault
0.7478907108306885,0.0008883949485607445,0.8999999761581421,1.0,0.504915177822113,0.42877278082305564,0.42877278082305564,BUFFER,,"{'weights': {'novelty': 0.2, 'uncertainty': 0.2, 'task_relevance': 0.2, 'temporal_importance': 0.2, 'resource_cost': 0.2}, 'thresholds': {'discard_max': 0.25, 'buffer_max': 0.5, 'summary_max': 0.7}}",cwru_235_w0014_test,3,Outer Race Fault
0.7270979285240173,0.003945421427488327,0.8999999761581421,1.0,0.504915177822113,0.42522562965750693,0.42522562965750693,BUFFER,,"{'weights': {'novelty': 0.2, 'uncertainty': 0.2, 'task_relevance': 0.2, 'temporal_importance': 0.2, 'resource_cost': 0.2}, 'thresholds': {'discard_max': 0.25, 'buffer_max': 0.5, 'summary_max': 0.7}}",cwru_235_w0015_test,3,Outer Race Fault
0.749073326587677,0.000727129343431443,0.8999999761581421,1.0,0.504915177822113,0.4289770508534276,0.4289770508534276,BUFFER,,"{'weights': {'novelty': 0.2, 'uncertainty': 0.2, 'task_relevance': 0.2, 'temporal_importance': 0.2, 'resource_cost': 0.2}, 'thresholds': {'discard_max': 0.25, 'buffer_max': 0.5, 'summary_max': 0.7}}",cwru_235_w0016_test,3,Outer Race Fault
0.7670093774795532,0.00034810739452950656,0.8999999165534973,1.0,0.504915177822113,0.43248844472109343,0.43248844472109343,BUFFER,,"{'weights': {'novelty': 0.2, 'uncertainty': 0.2, 'task_relevance': 0.2, 'temporal_importance': 0.2, 'resource_cost': 0.2}, 'thresholds': {'discard_max': 0.25, 'buffer_max': 0.5, 'summary_max': 0.7}}",cwru_235_w0017_test,3,Outer Race Fault
0.7658022046089172,0.0003545054350979626,0.9000000357627869,1.0,0.504915177822113,0.4322483135969379,0.4322483135969379,BUFFER,,"{'weights': {'novelty': 0.2, 'uncertainty': 0.2, 'task_relevance': 0.2, 'temporal_importance': 0.2, 'resource_cost': 0.2}, 'thresholds': {'discard_max': 0.25, 'buffer_max': 0.5, 'summary_max': 0.7}}",cwru_235_w0018_test,3,Outer Race Fault
0.757724404335022,0.0006472919485531747,0.8999999761581421,1.0,0.504915177822113,0.43069129892392083,0.43069129892392083,BUFFER,,"{'weights': {'novelty': 0.2, 'uncertainty': 0.2, 'task_relevance': 0.2, 'temporal_importance': 0.2, 'resource_cost': 0.2}, 'thresholds': {'discard_max': 0.25, 'buffer_max': 0.5, 'summary_max': 0.7}}",cwru_235_w0019_test,3,Outer Race Fault
0.7591282725334167,0.0004764772311318666,0.9000000357627869,1.0,0.504915177822113,0.43093792154104443,0.43093792154104443,BUFFER,,"{'weights': {'novelty': 0.2, 'uncertainty': 0.2, 'task_relevance': 0.2, 'temporal_importance': 0.2, 'resource_cost': 0.2}, 'thresholds': {'discard_max': 0.25, 'buffer_max': 0.5, 'summary_max': 0.7}}",cwru_235_w0020_test,3,Outer Race Fault
0.7424783110618591,0.0010710288770496845,0.8999999165534973,1.0,0.504915177822113,0.42772681573405863,0.42772681573405863,BUFFER,,"{'weights': {'novelty': 0.2, 'uncertainty': 0.2, 'task_relevance': 0.2, 'temporal_importance': 0.2, 'resource_cost': 0.2}, 'thresholds': {'discard_max': 0.25, 'buffer_max': 0.5, 'summary_max': 0.7}}",cwru_235_w0021_test,3,Outer Race Fault
0.7556146383285522,0.0007054890738800168,0.8999999761581421,1.0,0.504915177822113,0.43028098514769225,0.43028098514769225,BUFFER,,"{'weights': {'novelty': 0.2, 'uncertainty': 0.2, 'task_relevance': 0.2, 'temporal_importance': 0.2, 'resource_cost': 0.2}, 'thresholds': {'discard_max': 0.25, 'buffer_max': 0.5, 'summary_max': 0.7}}",cwru_235_w0022_test,3,Outer Race Fault
0.7553163766860962,0.0005511672934517264,0.8999999165534973,1.0,0.504915177822113,0.4301904565421865,0.4301904565421865,BUFFER,,"{'weights': {'novelty': 0.2, 'uncertainty': 0.2, 'task_relevance': 0.2, 'temporal_importance': 0.2, 'resource_cost': 0.2}, 'thresholds': {'discard_max': 0.25, 'buffer_max': 0.5, 'summary_max': 0.7}}",cwru_235_w0023_test,3,Outer Race Fault
0.7460780739784241,0.0012054713442921638,0.9000000357627869,1.0,0.504915177822113,0.42847368065267805,0.42847368065267805,BUFFER,,"{'weights': {'novelty': 0.2, 'uncertainty': 0.2, 'task_relevance': 0.2, 'temporal_importance': 0.2, 'resource_cost': 0.2}, 'thresholds': {'discard_max': 0.25, 'buffer_max': 0.5, 'summary_max': 0.7}}",cwru_235_w0024_test,3,Outer Race Fault
0.7466716766357422,0.0009549451060593128,0.9000000357627869,1.0,0.504915177822113,0.428542295936495,0.428542295936495,BUFFER,,"{'weights': {'novelty': 0.2, 'uncertainty': 0.2, 'task_relevance': 0.2, 'temporal_importance': 0.2, 'resource_cost': 0.2}, 'thresholds': {'discard_max': 0.25, 'buffer_max': 0.5, 'summary_max': 0.7}}",cwru_235_w0025_test,3,Outer Race Fault
0.7610421180725098,0.00046552647836506367,0.8999999761581421,1.0,0.504915177822113,0.4313184885773808,0.4313184885773808,BUFFER,,"{'weights': {'novelty': 0.2, 'uncertainty': 0.2, 'task_relevance': 0.2, 'temporal_importance': 0.2, 'resource_cost': 0.2}, 'thresholds': {'discard_max': 0.25, 'buffer_max': 0.5, 'summary_max': 0.7}}",cwru_235_w0026_test,3,Outer Race Fault
0.7509833574295044,0.0008751653367653489,0.8999999165534973,1.0,0.504915177822113,0.4293886522995309,0.4293886522995309,BUFFER,,"{'weights': {'novelty': 0.2, 'uncertainty': 0.2, 'task_relevance': 0.2, 'temporal_importance': 0.2, 'resource_cost': 0.2}, 'thresholds': {'discard_max': 0.25, 'buffer_max': 0.5, 'summary_max': 0.7}}",cwru_235_w0027_test,3,Outer Race Fault
0.740986168384552,0.0008790606516413391,0.8999999165534973,1.0,0.504915177822113,0.42738999355351553,0.42738999355351553,BUFFER,,"{'weights': {'novelty': 0.2, 'uncertainty': 0.2, 'task_relevance': 0.2, 'temporal_importance': 0.2, 'resource_cost': 0.2}, 'thresholds': {'discard_max': 0.25, 'buffer_max': 0.5, 'summary_max': 0.7}}",cwru_235_w0028_test,3,Outer Race Fault
0.7567635178565979,0.0006506594363600016,0.8999999761581421,1.0,0.504915177822113,0.43049979512579734,0.43049979512579734,BUFFER,,"{'weights': {'novelty': 0.2, 'uncertainty': 0.2, 'task_relevance': 0.2, 'temporal_importance': 0.2, 'resource_cost': 0.2}, 'thresholds': {'discard_max': 0.25, 'buffer_max': 0.5, 'summary_max': 0.7}}",cwru_235_w0029_test,3,Outer Race Fault
0.7603574395179749,0.00048815790796652436,0.8999999761581421,1.0,0.504915177822113,0.4311860791523942,0.4311860791523942,BUFFER,,"{'weights': {'novelty': 0.2, 'uncertainty': 0.2, 'task_relevance': 0.2, 'temporal_importance': 0.2, 'resource_cost': 0.2}, 'thresholds': {'discard_max': 0.25, 'buffer_max': 0.5, 'summary_max': 0.7}}",cwru_235_w0030_test,3,Outer Race Fault
0.761099636554718,0.00042969698552042246,0.8999999761581421,1.0,0.504915177822113,0.4313228263752535,0.4313228263752535,BUFFER,,"{'weights': {'novelty': 0.2, 'uncertainty': 0.2, 'task_relevance': 0.2, 'temporal_importance': 0.2, 'resource_cost': 0.2}, 'thresholds': {'discard_max': 0.25, 'buffer_max': 0.5, 'summary_max': 0.7}}",cwru_235_w0031_test,3,Outer Race Fault
0.7476636171340942,0.0010921865468844771,0.8999999165534973,1.0,0.504915177822113,0.42876810848247254,0.42876810848247254,BUFFER,,"{'weights': {'novelty': 0.2, 'uncertainty': 0.2, 'task_relevance': 0.2, 'temporal_importance': 0.2, 'resource_cost': 0.2}, 'thresholds': {'discard_max': 0.25, 'buffer_max': 0.5, 'summary_max': 0.7}}",cwru_235_w0032_test,3,Outer Race Fault
0.7526089549064636,0.0010478358017280698,0.8999999761581421,1.0,0.504915177822113,0.4297483178088441,0.4297483178088441,BUFFER,,"{'weights': {'novelty': 0.2, 'uncertainty': 0.2, 'task_relevance': 0.2, 'temporal_importance': 0.2, 'resource_cost': 0.2}, 'thresholds': {'discard_max': 0.25, 'buffer_max': 0.5, 'summary_max': 0.7}}",cwru_235_w0033_test,3,Outer Race Fault
0.7619484066963196,0.0005654935375787318,0.8999999761581421,1.0,0.504915177822113,0.43151973971398555,0.43151973971398555,BUFFER,,"{'weights': {'novelty': 0.2, 'uncertainty': 0.2, 'task_relevance': 0.2, 'temporal_importance': 0.2, 'resource_cost': 0.2}, 'thresholds': {'discard_max': 0.25, 'buffer_max': 0.5, 'summary_max': 0.7}}",cwru_235_w0034_test,3,Outer Race Fault
0.774269700050354,0.00030580279417335987,0.9000000357627869,1.0,0.504915177822113,0.43393207215704027,0.43393207215704027,BUFFER,,"{'weights': {'novelty': 0.2, 'uncertainty': 0.2, 'task_relevance': 0.2, 'temporal_importance': 0.2, 'resource_cost': 0.2}, 'thresholds': {'discard_max': 0.25, 'buffer_max': 0.5, 'summary_max': 0.7}}",cwru_235_w0035_test,3,Outer Race Fault
0.7564930319786072,0.0007784496992826462,0.8999999761581421,1.0,0.504915177822113,0.43047125600278385,0.43047125600278385,BUFFER,,"{'weights': {'novelty': 0.2, 'uncertainty': 0.2, 'task_relevance': 0.2, 'temporal_importance': 0.2, 'resource_cost': 0.2}, 'thresholds': {'discard_max': 0.25, 'buffer_max': 0.5, 'summary_max': 0.7}}",cwru_235_w0036_test,3,Outer Race Fault
0.7647709250450134,0.0004369233502075076,0.8999999761581421,1.0,0.504915177822113,0.43205852934624994,0.43205852934624994,BUFFER,,"{'weights': {'novelty': 0.2, 'uncertainty': 0.2, 'task_relevance': 0.2, 'temporal_importance': 0.2, 'resource_cost': 0.2}, 'thresholds': {'discard_max': 0.25, 'buffer_max': 0.5, 'summary_max': 0.7}}",cwru_235_w0037_test,3,Outer Race Fault
0.7606544494628906,0.0004132686590310186,0.8999999761581421,1.0,0.504915177822113,0.43123050329159013,0.43123050329159013,BUFFER,,"{'weights': {'novelty': 0.2, 'uncertainty': 0.2, 'task_relevance': 0.2, 'temporal_importance': 0.2, 'resource_cost': 0.2}, 'thresholds': {'discard_max': 0.25, 'buffer_max': 0.5, 'summary_max': 0.7}}",cwru_235_w0038_test,3,Outer Race Fault
0.7375640869140625,0.0014196960255503654,0.8999999761581421,1.0,0.504915177822113,0.4268137162551284,0.4268137162551284,BUFFER,,"{'weights': {'novelty': 0.2, 'uncertainty': 0.2, 'task_relevance': 0.2, 'temporal_importance': 0.2, 'resource_cost': 0.2}, 'thresholds': {'discard_max': 0.25, 'buffer_max': 0.5, 'summary_max': 0.7}}",cwru_235_w0039_test,3,Outer Race Fault
0.752757728099823,0.0006846426404081285,0.8999999165534973,1.0,0.504915177822113,0.4297054218943231,0.4297054218943231,BUFFER,,"{'weights': {'novelty': 0.2, 'uncertainty': 0.2, 'task_relevance': 0.2, 'temporal_importance': 0.2, 'resource_cost': 0.2}, 'thresholds': {'discard_max': 0.25, 'buffer_max': 0.5, 'summary_max': 0.7}}",cwru_235_w0040_test,3,Outer Race Fault
0.7462229132652283,0.0011180698638781905,0.8999999761581421,1.0,0.504915177822113,0.42848515629302714,0.42848515629302714,BUFFER,,"{'weights': {'novelty': 0.2, 'uncertainty': 0.2, 'task_relevance': 0.2, 'temporal_importance': 0.2, 'resource_cost': 0.2}, 'thresholds': {'discard_max': 0.25, 'buffer_max': 0.5, 'summary_max': 0.7}}",cwru_235_w0041_test,3,Outer Race Fault
0.7405585646629333,0.001119512366130948,0.8999999761581421,1.0,0.504915177822113,0.42735257507301866,0.42735257507301866,BUFFER,,"{'weights': {'novelty': 0.2, 'uncertainty': 0.2, 'task_relevance': 0.2, 'temporal_importance': 0.2, 'resource_cost': 0.2}, 'thresholds': {'discard_max': 0.25, 'buffer_max': 0.5, 'summary_max': 0.7}}",cwru_235_w0042_test,3,Outer Race Fault
0.7648010849952698,0.0004219575203023851,0.9000000357627869,1.0,0.504915177822113,0.43206158009124923,0.43206158009124923,BUFFER,,"{'weights': {'novelty': 0.2, 'uncertainty': 0.2, 'task_relevance': 0.2, 'temporal_importance': 0.2, 'resource_cost': 0.2}, 'thresholds': {'discard_max': 0.25, 'buffer_max': 0.5, 'summary_max': 0.7}}",cwru_235_w0043_test,3,Outer Race Fault
0.7670404314994812,0.00036909693153575063,0.8999999761581421,1.0,0.504915177822113,0.43249886535340915,0.43249886535340915,BUFFER,,"{'weights': {'novelty': 0.2, 'uncertainty': 0.2, 'task_relevance': 0.2, 'temporal_importance': 0.2, 'resource_cost': 0.2}, 'thresholds': {'discard_max': 0.25, 'buffer_max': 0.5, 'summary_max': 0.7}}",cwru_235_w0044_test,3,Outer Race Fault
0.7583885788917542,0.0004664260195568204,0.8999999761581421,1.0,0.504915177822113,0.43078796064946795,0.43078796064946795,BUFFER,,"{'weights': {'novelty': 0.2, 'uncertainty': 0.2, 'task_relevance': 0.2, 'temporal_importance': 0.2, 'resource_cost': 0.2}, 'thresholds': {'discard_max': 0.25, 'buffer_max': 0.5, 'summary_max': 0.7}}",cwru_235_w0045_test,3,Outer Race Fault
0.7548814415931702,0.0007302379817701876,0.8999999761581421,1.0,0.504915177822113,0.4301392955821938,0.4301392955821938,BUFFER,,"{'weights': {'novelty': 0.2, 'uncertainty': 0.2, 'task_relevance': 0.2, 'temporal_importance': 0.2, 'resource_cost': 0.2}, 'thresholds': {'discard_max': 0.25, 'buffer_max': 0.5, 'summary_max': 0.7}}",cwru_235_w0046_test,3,Outer Race Fault
0.7574478983879089,0.0006490062805823982,0.9000000357627869,1.0,0.504915177822113,0.430636352521833,0.430636352521833,BUFFER,,"{'weights': {'novelty': 0.2, 'uncertainty': 0.2, 'task_relevance': 0.2, 'temporal_importance': 0.2, 'resource_cost': 0.2}, 'thresholds': {'discard_max': 0.25, 'buffer_max': 0.5, 'summary_max': 0.7}}",cwru_235_w0047_test,3,Outer Race Fault
0.7556101679801941,0.0005964847514405847,0.9000000357627869,1.0,0.504915177822113,0.43025830213446165,0.43025830213446165,BUFFER,,"{'weights': {'novelty': 0.2, 'uncertainty': 0.2, 'task_relevance': 0.2, 'temporal_importance': 0.2, 'resource_cost': 0.2}, 'thresholds': {'discard_max': 0.25, 'buffer_max': 0.5, 'summary_max': 0.7}}",cwru_235_w0048_test,3,Outer Race Fault
0.7498027682304382,0.000942312297411263,0.8999999761581421,1.0,0.504915177822113,0.42916597577277565,0.42916597577277565,BUFFER,,"{'weights': {'novelty': 0.2, 'uncertainty': 0.2, 'task_relevance': 0.2, 'temporal_importance': 0.2, 'resource_cost': 0.2}, 'thresholds': {'discard_max': 0.25, 'buffer_max': 0.5, 'summary_max': 0.7}}",cwru_235_w0049_test,3,Outer Race Fault
0.750840425491333,0.0007282045553438365,0.9000000357627869,1.0,0.504915177822113,0.42933069759747017,0.42933069759747017,BUFFER,,"{'weights': {'novelty': 0.2, 'uncertainty': 0.2, 'task_relevance': 0.2, 'temporal_importance': 0.2, 'resource_cost': 0.2}, 'thresholds': {'discard_max': 0.25, 'buffer_max': 0.5, 'summary_max': 0.7}}",cwru_235_w0050_test,3,Outer Race Fault
0.7585813999176025,0.0005377407651394606,0.8999999761581421,1.0,0.504915177822113,0.4308407878037543,0.4308407878037543,BUFFER,,"{'weights': {'novelty': 0.2, 'uncertainty': 0.2, 'task_relevance': 0.2, 'temporal_importance': 0.2, 'resource_cost': 0.2}, 'thresholds': {'discard_max': 0.25, 'buffer_max': 0.5, 'summary_max': 0.7}}",cwru_235_w0051_test,3,Outer Race Fault
0.7622201442718506,0.0005000861710868776,0.8999999165534973,1.0,0.504915177822113,0.4315609938348643,0.4315609938348643,BUFFER,,"{'weights': {'novelty': 0.2, 'uncertainty': 0.2, 'task_relevance': 0.2, 'temporal_importance': 0.2, 'resource_cost': 0.2}, 'thresholds': {'discard_max': 0.25, 'buffer_max': 0.5, 'summary_max': 0.7}}",cwru_235_w0052_test,3,Outer Race Fault
0.7496981024742126,0.0009216259350068867,0.8999999761581421,1.0,0.504915177822113,0.42914090534904975,0.42914090534904975,BUFFER,,"{'weights': {'novelty': 0.2, 'uncertainty': 0.2, 'task_relevance': 0.2, 'temporal_importance': 0.2, 'resource_cost': 0.2}, 'thresholds': {'discard_max': 0.25, 'buffer_max': 0.5, 'summary_max': 0.7}}",cwru_235_w0053_test,3,Outer Race Fault
0.7604017853736877,0.000515212130267173,0.8999999761581421,1.0,0.504915177822113,0.43120035916799687,0.43120035916799687,BUFFER,,"{'weights': {'novelty': 0.2, 'uncertainty': 0.2, 'task_relevance': 0.2, 'temporal_importance': 0.2, 'resource_cost': 0.2}, 'thresholds': {'discard_max': 0.25, 'buffer_max': 0.5, 'summary_max': 0.7}}",cwru_235_w0054_test,3,Outer Race Fault
0.7491920590400696,0.0007781129679642618,0.8999999165534973,1.0,0.504915177822113,0.42901098214788363,0.42901098214788363,BUFFER,,"{'weights': {'novelty': 0.2, 'uncertainty': 0.2, 'task_relevance': 0.2, 'temporal_importance': 0.2, 'resource_cost': 0.2}, 'thresholds': {'discard_max': 0.25, 'buffer_max': 0.5, 'summary_max': 0.7}}",cwru_235_w0055_test,3,Outer Race Fault
0.759119987487793,0.0005349667626433074,0.8999999761581421,1.0,0.504915177822113,0.430947950517293,0.430947950517293,BUFFER,,"{'weights': {'novelty': 0.2, 'uncertainty': 0.2, 'task_relevance': 0.2, 'temporal_importance': 0.2, 'resource_cost': 0.2}, 'thresholds': {'discard_max': 0.25, 'buffer_max': 0.5, 'summary_max': 0.7}}",cwru_235_w0056_test,3,Outer Race Fault
0.7495568990707397,0.0005896168877370656,0.8999999165534973,1.0,0.504915177822113,0.42904625093797216,0.42904625093797216,BUFFER,,"{'weights': {'novelty': 0.2, 'uncertainty': 0.2, 'task_relevance': 0.2, 'temporal_importance': 0.2, 'resource_cost': 0.2}, 'thresholds': {'discard_max': 0.25, 'buffer_max': 0.5, 'summary_max': 0.7}}",cwru_235_w0057_test,3,Outer Race Fault
0.7636156678199768,0.00033821386750787497,0.9000000357627869,0.0,0.504915177822113,0.2318077479256317,0.2318077479256317,DISCARD,,"{'weights': {'novelty': 0.2, 'uncertainty': 0.2, 'task_relevance': 0.2, 'temporal_importance': 0.2, 'resource_cost': 0.2}, 'thresholds': {'discard_max': 0.25, 'buffer_max': 0.5, 'summary_max': 0.7}}",cwru_237_w0000_test,3,Outer Race Fault
0.7680081129074097,0.0003181764914188534,0.8999999761581421,1.0,0.504915177822113,0.4326822175469715,0.4326822175469715,BUFFER,,"{'weights': {'novelty': 0.2, 'uncertainty': 0.2, 'task_relevance': 0.2, 'temporal_importance': 0.2, 'resource_cost': 0.2}, 'thresholds': {'discard_max': 0.25, 'buffer_max': 0.5, 'summary_max': 0.7}}",cwru_237_w0001_test,3,Outer Race Fault
0.7540450096130371,0.0005554099334403872,0.8999999761581421,1.0,0.504915177822113,0.42993704357650125,0.42993704357650125,BUFFER,,"{'weights': {'novelty': 0.2, 'uncertainty': 0.2, 'task_relevance': 0.2, 'temporal_importance': 0.2, 'resource_cost': 0.2}, 'thresholds': {'discard_max': 0.25, 'buffer_max': 0.5, 'summary_max': 0.7}}",cwru_237_w0002_test,3,Outer Race Fault
0.770362138748169,0.00041217217221856117,0.8999999165534973,1.0,0.504915177822113,0.4331718099303545,0.4331718099303545,BUFFER,,"{'weights': {'novelty': 0.2, 'uncertainty': 0.2, 'task_relevance': 0.2, 'temporal_importance': 0.2, 'resource_cost': 0.2}, 'thresholds': {'discard_max': 0.25, 'buffer_max': 0.5, 'summary_max': 0.7}}",cwru_237_w0003_test,3,Outer Race Fault
0.750602126121521,0.0005250798421911895,0.8999999165534973,1.0,0.504915177822113,0.4292423889390193,0.4292423889390193,BUFFER,,"{'weights': {'novelty': 0.2, 'uncertainty': 0.2, 'task_relevance': 0.2, 'temporal_importance': 0.2, 'resource_cost': 0.2}, 'thresholds': {'discard_max': 0.25, 'buffer_max': 0.5, 'summary_max': 0.7}}",cwru_237_w0004_test,3,Outer Race Fault
0.7688296437263489,0.0003579275798983872,0.9000000357627869,1.0,0.504915177822113,0.4328544858493843,0.4328544858493843,BUFFER,,"{'weights': {'novelty': 0.2, 'uncertainty': 0.2, 'task_relevance': 0.2, 'temporal_importance': 0.2, 'resource_cost': 0.2}, 'thresholds': {'discard_max': 0.25, 'buffer_max': 0.5, 'summary_max': 0.7}}",cwru_237_w0005_test,3,Outer Race Fault
0.7861360907554626,0.0001773592666722834,0.8999999761581421,1.0,0.504915177822113,0.43627964967163274,0.43627964967163274,BUFFER,,"{'weights': {'novelty': 0.2, 'uncertainty': 0.2, 'task_relevance': 0.2, 'temporal_importance': 0.2, 'resource_cost': 0.2}, 'thresholds': {'discard_max': 0.25, 'buffer_max': 0.5, 'summary_max': 0.7}}",cwru_237_w0006_test,3,Outer Race Fault
0.7485663890838623,0.0005682909395545721,0.8999999165534973,1.0,0.504915177822113,0.4288438837509602,0.4288438837509602,BUFFER,,"{'weights': {'novelty': 0.2, 'uncertainty': 0.2, 'task_relevance': 0.2, 'temporal_importance': 0.2, 'resource_cost': 0.2}, 'thresholds': {'discard_max': 0.25, 'buffer_max': 0.5, 'summary_max': 0.7}}",cwru_237_w0007_test,3,Outer Race Fault
0.7676023840904236,0.00030846361187286675,0.8999999761581421,1.0,0.504915177822113,0.43259912920766513,0.43259912920766513,BUFFER,,"{'weights': {'novelty': 0.2, 'uncertainty': 0.2, 'task_relevance': 0.2, 'temporal_importance': 0.2, 'resource_cost': 0.2}, 'thresholds': {'discard_max': 0.25, 'buffer_max': 0.5, 'summary_max': 0.7}}",cwru_237_w0008_test,3,Outer Race Fault
0.7754246592521667,0.0002622482425067574,0.8999999761581421,1.0,0.504915177822113,0.43415434116614054,0.43415434116614054,BUFFER,,"{'weights': {'novelty': 0.2, 'uncertainty': 0.2, 'task_relevance': 0.2, 'temporal_importance': 0.2, 'resource_cost': 0.2}, 'thresholds': {'discard_max': 0.25, 'buffer_max': 0.5, 'summary_max': 0.7}}",cwru_237_w0009_test,3,Outer Race Fault
0.7697954773902893,0.00031530694104731083,0.8999999761581421,1.0,0.504915177822113,0.4330391165334732,0.4330391165334732,BUFFER,,"{'weights': {'novelty': 0.2, 'uncertainty': 0.2, 'task_relevance': 0.2, 'temporal_importance': 0.2, 'resource_cost': 0.2}, 'thresholds': {'discard_max': 0.25, 'buffer_max': 0.5, 'summary_max': 0.7}}",cwru_237_w0010_test,3,Outer Race Fault
0.7563487887382507,0.00045836163917556405,0.8999999165534973,1.0,0.504915177822113,0.4303783778217622,0.4303783778217622,BUFFER,,"{'weights': {'novelty': 0.2, 'uncertainty': 0.2, 'task_relevance': 0.2, 'temporal_importance': 0.2, 'resource_cost': 0.2}, 'thresholds': {'discard_max': 0.25, 'buffer_max': 0.5, 'summary_max': 0.7}}",cwru_237_w0011_test,3,Outer Race Fault
0.7690606713294983,0.00039639274473302066,0.9000000357627869,1.0,0.504915177822113,0.432908384402981,0.432908384402981,BUFFER,,"{'weights': {'novelty': 0.2, 'uncertainty': 0.2, 'task_relevance': 0.2, 'temporal_importance': 0.2, 'resource_cost': 0.2}, 'thresholds': {'discard_max': 0.25, 'buffer_max': 0.5, 'summary_max': 0.7}}",cwru_237_w0012_test,3,Outer Race Fault
0.783744752407074,0.00020728788513224572,0.8999999761581421,1.0,0.504915177822113,0.43580736772564704,0.43580736772564704,BUFFER,,"{'weights': {'novelty': 0.2, 'uncertainty': 0.2, 'task_relevance': 0.2, 'temporal_importance': 0.2, 'resource_cost': 0.2}, 'thresholds': {'discard_max': 0.25, 'buffer_max': 0.5, 'summary_max': 0.7}}",cwru_237_w0013_test,3,Outer Race Fault
0.7593117952346802,0.0004777762515004724,0.8999999761581421,1.0,0.504915177822113,0.43097487396444195,0.43097487396444195,BUFFER,,"{'weights': {'novelty': 0.2, 'uncertainty': 0.2, 'task_relevance': 0.2, 'temporal_importance': 0.2, 'resource_cost': 0.2}, 'thresholds': {'discard_max': 0.25, 'buffer_max': 0.5, 'summary_max': 0.7}}",cwru_237_w0014_test,3,Outer Race Fault
0.7713225483894348,0.0003901603049598634,0.8999999165534973,1.0,0.504915177822113,0.43335948948515574,0.43335948948515574,BUFFER,,"{'weights': {'novelty': 0.2, 'uncertainty': 0.2, 'task_relevance': 0.2, 'temporal_importance': 0.2, 'resource_cost': 0.2}, 'thresholds': {'discard_max': 0.25, 'buffer_max': 0.5, 'summary_max': 0.7}}",cwru_237_w0015_test,3,Outer Race Fault
0.7687955498695374,0.0003554940631147474,0.9000000357627869,1.0,0.504915177822113,0.43284718037466513,0.43284718037466513,BUFFER,,"{'weights': {'novelty': 0.2, 'uncertainty': 0.2, 'task_relevance': 0.2, 'temporal_importance': 0.2, 'resource_cost': 0.2}, 'thresholds': {'discard_max': 0.25, 'buffer_max': 0.5, 'summary_max': 0.7}}",cwru_237_w0016_test,3,Outer Race Fault
0.7822705507278442,0.0002137614064849913,0.8999999761581421,1.0,0.504915177822113,0.4355138220940717,0.4355138220940717,BUFFER,,"{'weights': {'novelty': 0.2, 'uncertainty': 0.2, 'task_relevance': 0.2, 'temporal_importance': 0.2, 'resource_cost': 0.2}, 'thresholds': {'discard_max': 0.25, 'buffer_max': 0.5, 'summary_max': 0.7}}",cwru_237_w0017_test,3,Outer Race Fault
0.7607031464576721,0.0003811327915173024,0.8999999761581421,1.0,0.504915177822113,0.4312338155170438,0.4312338155170438,BUFFER,,"{'weights': {'novelty': 0.2, 'uncertainty': 0.2, 'task_relevance': 0.2, 'temporal_importance': 0.2, 'resource_cost': 0.2}, 'thresholds': {'discard_max': 0.25, 'buffer_max': 0.5, 'summary_max': 0.7}}",cwru_237_w0018_test,3,Outer Race Fault
0.7722141742706299,0.00033991929376497865,0.8999999761581421,1.0,0.504915177822113,0.43352777838008477,0.43352777838008477,BUFFER,,"{'weights': {'novelty': 0.2, 'uncertainty': 0.2, 'task_relevance': 0.2, 'temporal_importance': 0.2, 'resource_cost': 0.2}, 'thresholds': {'discard_max': 0.25, 'buffer_max': 0.5, 'summary_max': 0.7}}",cwru_237_w0019_test,3,Outer Race Fault
0.788246750831604,0.00020341426716186106,0.9000000357627869,1.0,0.504915177822113,0.43670700460788797,0.43670700460788797,BUFFER,,"{'weights': {'novelty': 0.2, 'uncertainty': 0.2, 'task_relevance': 0.2, 'temporal_importance': 0.2, 'resource_cost': 0.2}, 'thresholds': {'discard_max': 0.25, 'buffer_max': 0.5, 'summary_max': 0.7}}",cwru_237_w0020_test,3,Outer Race Fault
0.7723923325538635,0.0002962076396215707,0.8999999761581421,1.0,0.504915177822113,0.43355466770590284,0.43355466770590284,BUFFER,,"{'weights': {'novelty': 0.2, 'uncertainty': 0.2, 'task_relevance': 0.2, 'temporal_importance': 0.2, 'resource_cost': 0.2}, 'thresholds': {'discard_max': 0.25, 'buffer_max': 0.5, 'summary_max': 0.7}}",cwru_237_w0021_test,3,Outer Race Fault
0.7614330053329468,0.0003783845459111035,0.8999999761581421,1.0,0.504915177822113,0.4313792376429774,0.4313792376429774,BUFFER,,"{'weights': {'novelty': 0.2, 'uncertainty': 0.2, 'task_relevance': 0.2, 'temporal_importance': 0.2, 'resource_cost': 0.2}, 'thresholds': {'discard_max': 0.25, 'buffer_max': 0.5, 'summary_max': 0.7}}",cwru_237_w0022_test,3,Outer Race Fault
0.7760714292526245,0.0002501632843632251,0.8999999761581421,1.0,0.504915177822113,0.43428127817460344,0.43428127817460344,BUFFER,,"{'weights': {'novelty': 0.2, 'uncertainty': 0.2, 'task_relevance': 0.2, 'temporal_importance': 0.2, 'resource_cost': 0.2}, 'thresholds': {'discard_max': 0.25, 'buffer_max': 0.5, 'summary_max': 0.7}}",cwru_237_w0023_test,3,Outer Race Fault
0.7788631319999695,0.000311060604872182,0.8999999761581421,1.0,0.504915177822113,0.43485179818817415,0.43485179818817415,BUFFER,,"{'weights': {'novelty': 0.2, 'uncertainty': 0.2, 'task_relevance': 0.2, 'temporal_importance': 0.2, 'resource_cost': 0.2}, 'thresholds': {'discard_max': 0.25, 'buffer_max': 0.5, 'summary_max': 0.7}}",cwru_237_w0024_test,3,Outer Race Fault
0.761837899684906,0.0003606747486628592,0.8999999761581421,1.0,0.504915177822113,0.4314566745539196,0.4314566745539196,BUFFER,,"{'weights': {'novelty': 0.2, 'uncertainty': 0.2, 'task_relevance': 0.2, 'temporal_importance': 0.2, 'resource_cost': 0.2}, 'thresholds': {'discard_max': 0.25, 'buffer_max': 0.5, 'summary_max': 0.7}}",cwru_237_w0025_test,3,Outer Race Fault
0.7589300870895386,0.0004827546654269099,0.8999999165534973,1.0,0.504915177822113,0.4308995160972699,0.4308995160972699,BUFFER,,"{'weights': {'novelty': 0.2, 'uncertainty': 0.2, 'task_relevance': 0.2, 'temporal_importance': 0.2, 'resource_cost': 0.2}, 'thresholds': {'discard_max': 0.25, 'buffer_max': 0.5, 'summary_max': 0.7}}",cwru_237_w0026_test,3,Outer Race Fault
0.7707257866859436,0.00038918410427868366,0.8999999165534973,1.0,0.504915177822113,0.4332399419043213,0.4332399419043213,BUFFER,,"{'weights': {'novelty': 0.2, 'uncertainty': 0.2, 'task_relevance': 0.2, 'temporal_importance': 0.2, 'resource_cost': 0.2}, 'thresholds': {'discard_max': 0.25, 'buffer_max': 0.5, 'summary_max': 0.7}}",cwru_237_w0027_test,3,Outer Race Fault
0.7696532011032104,0.0003054484259337187,0.8999999761581421,1.0,0.504915177822113,0.4330086895730347,0.4330086895730347,BUFFER,,"{'weights': {'novelty': 0.2, 'uncertainty': 0.2, 'task_relevance': 0.2, 'temporal_importance': 0.2, 'resource_cost': 0.2}, 'thresholds': {'discard_max': 0.25, 'buffer_max': 0.5, 'summary_max': 0.7}}",cwru_237_w0028_test,3,Outer Race Fault
0.777422308921814,0.0002846498100552708,0.8999999761581421,1.0,0.504915177822113,0.43455835141357974,0.43455835141357974,BUFFER,,"{'weights': {'novelty': 0.2, 'uncertainty': 0.2, 'task_relevance': 0.2, 'temporal_importance': 0.2, 'resource_cost': 0.2}, 'thresholds': {'discard_max': 0.25, 'buffer_max': 0.5, 'summary_max': 0.7}}",cwru_237_w0029_test,3,Outer Race Fault
0.7801427841186523,0.00020612491061910987,0.9000000357627869,1.0,0.504915177822113,0.435086753393989,0.435086753393989,BUFFER,,"{'weights': {'novelty': 0.2, 'uncertainty': 0.2, 'task_relevance': 0.2, 'temporal_importance': 0.2, 'resource_cost': 0.2}, 'thresholds': {'discard_max': 0.25, 'buffer_max': 0.5, 'summary_max': 0.7}}",cwru_237_w0030_test,3,Outer Race Fault
0.7719815373420715,0.00028560878126882017,0.8999999761581421,1.0,0.504915177822113,0.433470388891874,0.433470388891874,BUFFER,,"{'weights': {'novelty': 0.2, 'uncertainty': 0.2, 'task_relevance': 0.2, 'temporal_importance': 0.2, 'resource_cost': 0.2}, 'thresholds': {'discard_max': 0.25, 'buffer_max': 0.5, 'summary_max': 0.7}}",cwru_237_w0031_test,3,Outer Race Fault
0.7804169058799744,0.0001881049101939425,0.8999999165534973,1.0,0.504915177822113,0.4351379499043106,0.4351379499043106,BUFFER,,"{'weights': {'novelty': 0.2, 'uncertainty': 0.2, 'task_relevance': 0.2, 'temporal_importance': 0.2, 'resource_cost': 0.2}, 'thresholds': {'discard_max': 0.25, 'buffer_max': 0.5, 'summary_max': 0.7}}",cwru_237_w0032_test,3,Outer Race Fault
0.7768666744232178,0.0002686461666598916,0.8999999761581421,1.0,0.504915177822113,0.4344440237851814,0.4344440237851814,BUFFER,,"{'weights': {'novelty': 0.2, 'uncertainty': 0.2, 'task_relevance': 0.2, 'temporal_importance': 0.2, 'resource_cost': 0.2}, 'thresholds': {'discard_max': 0.25, 'buffer_max': 0.5, 'summary_max': 0.7}}",cwru_237_w0033_test,3,Outer Race Fault
0.773688793182373,0.000295151025056839,0.8999999761581421,1.0,0.504915177822113,0.43381374850869187,0.43381374850869187,BUFFER,,"{'weights': {'novelty': 0.2, 'uncertainty': 0.2, 'task_relevance': 0.2, 'temporal_importance': 0.2, 'resource_cost': 0.2}, 'thresholds': {'discard_max': 0.25, 'buffer_max': 0.5, 'summary_max': 0.7}}",cwru_237_w0034_test,3,Outer Race Fault
0.7625786066055298,0.0003791951749008149,0.8999999761581421,1.0,0.504915177822113,0.4316085200232919,0.4316085200232919,BUFFER,,"{'weights': {'novelty': 0.2, 'uncertainty': 0.2, 'task_relevance': 0.2, 'temporal_importance': 0.2, 'resource_cost': 0.2}, 'thresholds': {'discard_max': 0.25, 'buffer_max': 0.5, 'summary_max': 0.7}}",cwru_237_w0035_test,3,Outer Race Fault
0.7606109380722046,0.00034002933534793556,0.8999999761581421,1.0,0.504915177822113,0.43120715314871644,0.43120715314871644,BUFFER,,"{'weights': {'novelty': 0.2, 'uncertainty': 0.2, 'task_relevance': 0.2, 'temporal_importance': 0.2, 'resource_cost': 0.2}, 'thresholds': {'discard_max': 0.25, 'buffer_max': 0.5, 'summary_max': 0.7}}",cwru_237_w0036_test,3,Outer Race Fault
0.7726369500160217,0.00031499777105636895,0.8999999165534973,1.0,0.504915177822113,0.43360733730369255,0.43360733730369255,BUFFER,,"{'weights': {'novelty': 0.2, 'uncertainty': 0.2, 'task_relevance': 0.2, 'temporal_importance': 0.2, 'resource_cost': 0.2}, 'thresholds': {'discard_max': 0.25, 'buffer_max': 0.5, 'summary_max': 0.7}}",cwru_237_w0037_test,3,Outer Race Fault
0.7703935503959656,0.00040142855141311884,0.8999999761581421,1.0,0.504915177822113,0.4331759554566816,0.4331759554566816,BUFFER,,"{'weights': {'novelty': 0.2, 'uncertainty': 0.2, 'task_relevance': 0.2, 'temporal_importance': 0.2, 'resource_cost': 0.2}, 'thresholds': {'discard_max': 0.25, 'buffer_max': 0.5, 'summary_max': 0.7}}",cwru_237_w0038_test,3,Outer Race Fault
0.7678371071815491,0.00030413022614084184,0.8999999761581421,1.0,0.504915177822113,0.4326452071487438,0.4326452071487438,BUFFER,,"{'weights': {'novelty': 0.2, 'uncertainty': 0.2, 'task_relevance': 0.2, 'temporal_importance': 0.2, 'resource_cost': 0.2}, 'thresholds': {'discard_max': 0.25, 'buffer_max': 0.5, 'summary_max': 0.7}}",cwru_237_w0039_test,3,Outer Race Fault
0.7691869735717773,0.00041616777889430523,0.9000000357627869,1.0,0.504915177822113,0.43293759985826913,0.43293759985826913,BUFFER,,"{'weights': {'novelty': 0.2, 'uncertainty': 0.2, 'task_relevance': 0.2, 'temporal_importance': 0.2, 'resource_cost': 0.2}, 'thresholds': {'discard_max': 0.25, 'buffer_max': 0.5, 'summary_max': 0.7}}",cwru_237_w0040_test,3,Outer Race Fault
0.756324052810669,0.000574579753447324,0.8999999761581421,1.0,0.504915177822113,0.4303966861800292,0.4303966861800292,BUFFER,,"{'weights': {'novelty': 0.2, 'uncertainty': 0.2, 'task_relevance': 0.2, 'temporal_importance': 0.2, 'resource_cost': 0.2}, 'thresholds': {'discard_max': 0.25, 'buffer_max': 0.5, 'summary_max': 0.7}}",cwru_237_w0041_test,3,Outer Race Fault
0.7648898363113403,0.00037926173536106944,0.8999999761581421,1.0,0.504915177822113,0.4320707792765461,0.4320707792765461,BUFFER,,"{'weights': {'novelty': 0.2, 'uncertainty': 0.2, 'task_relevance': 0.2, 'temporal_importance': 0.2, 'resource_cost': 0.2}, 'thresholds': {'discard_max': 0.25, 'buffer_max': 0.5, 'summary_max': 0.7}}",cwru_237_w0042_test,3,Outer Race Fault
0.766537070274353,0.00032560108229517937,0.8999999165534973,1.0,0.504915177822113,0.4323894820176066,0.4323894820176066,BUFFER,,"{'weights': {'novelty': 0.2, 'uncertainty': 0.2, 'task_relevance': 0.2, 'temporal_importance': 0.2, 'resource_cost': 0.2}, 'thresholds': {'discard_max': 0.25, 'buffer_max': 0.5, 'summary_max': 0.7}}",cwru_237_w0043_test,3,Outer Race Fault
0.7597673535346985,0.0005782257649116218,0.8999999165534973,1.0,0.504915177822113,0.4310860636061989,0.4310860636061989,BUFFER,,"{'weights': {'novelty': 0.2, 'uncertainty': 0.2, 'task_relevance': 0.2, 'temporal_importance': 0.2, 'resource_cost': 0.2}, 'thresholds': {'discard_max': 0.25, 'buffer_max': 0.5, 'summary_max': 0.7}}",cwru_237_w0044_test,3,Outer Race Fault
0.7688776850700378,0.0003276121860835701,0.9000000357627869,1.0,0.504915177822113,0.432858031039359,0.432858031039359,BUFFER,,"{'weights': {'novelty': 0.2, 'uncertainty': 0.2, 'task_relevance': 0.2, 'temporal_importance': 0.2, 'resource_cost': 0.2}, 'thresholds': {'discard_max': 0.25, 'buffer_max': 0.5, 'summary_max': 0.7}}",cwru_237_w0045_test,3,Outer Race Fault
0.7743409872055054,0.00020006363047286868,0.8999999761581421,1.0,0.504915177822113,0.4339251698344015,0.4339251698344015,BUFFER,,"{'weights': {'novelty': 0.2, 'uncertainty': 0.2, 'task_relevance': 0.2, 'temporal_importance': 0.2, 'resource_cost': 0.2}, 'thresholds': {'discard_max': 0.25, 'buffer_max': 0.5, 'summary_max': 0.7}}",cwru_237_w0046_test,3,Outer Race Fault
0.7591063380241394,0.0005338622140698135,0.8999999165534973,1.0,0.504915177822113,0.4309449877939187,0.4309449877939187,BUFFER,,"{'weights': {'novelty': 0.2, 'uncertainty': 0.2, 'task_relevance': 0.2, 'temporal_importance': 0.2, 'resource_cost': 0.2}, 'thresholds': {'discard_max': 0.25, 'buffer_max': 0.5, 'summary_max': 0.7}}",cwru_237_w0047_test,3,Outer Race Fault
0.7560405135154724,0.0005538248224183917,0.8999999165534973,1.0,0.504915177822113,0.43033581541385496,0.43033581541385496,BUFFER,,"{'weights': {'novelty': 0.2, 'uncertainty': 0.2, 'task_relevance': 0.2, 'temporal_importance': 0.2, 'resource_cost': 0.2}, 'thresholds': {'discard_max': 0.25, 'buffer_max': 0.5, 'summary_max': 0.7}}",cwru_237_w0048_test,3,Outer Race Fault
0.7816458940505981,0.00019354233518242836,0.8999999761581421,1.0,0.504915177822113,0.4353848469443619,0.4353848469443619,BUFFER,,"{'weights': {'novelty': 0.2, 'uncertainty': 0.2, 'task_relevance': 0.2, 'temporal_importance': 0.2, 'resource_cost': 0.2}, 'thresholds': {'discard_max': 0.25, 'buffer_max': 0.5, 'summary_max': 0.7}}",cwru_237_w0049_test,3,Outer Race Fault
0.7615313529968262,0.00039510487113147974,0.8999999165534973,1.0,0.504915177822113,0.4314022393198684,0.4314022393198684,BUFFER,,"{'weights': {'novelty': 0.2, 'uncertainty': 0.2, 'task_relevance': 0.2, 'temporal_importance': 0.2, 'resource_cost': 0.2}, 'thresholds': {'discard_max': 0.25, 'buffer_max': 0.5, 'summary_max': 0.7}}",cwru_237_w0050_test,3,Outer Race Fault
0.7744858860969543,0.00026216954574920237,0.8999999165534973,1.0,0.504915177822113,0.43396655887481755,0.43396655887481755,BUFFER,,"{'weights': {'novelty': 0.2, 'uncertainty': 0.2, 'task_relevance': 0.2, 'temporal_importance': 0.2, 'resource_cost': 0.2}, 'thresholds': {'discard_max': 0.25, 'buffer_max': 0.5, 'summary_max': 0.7}}",cwru_237_w0051_test,3,Outer Race Fault
0.7697991132736206,0.00035059754736721516,0.8999999165534973,1.0,0.504915177822113,0.4330468899104744,0.4330468899104744,BUFFER,,"{'weights': {'novelty': 0.2, 'uncertainty': 0.2, 'task_relevance': 0.2, 'temporal_importance': 0.2, 'resource_cost': 0.2}, 'thresholds': {'discard_max': 0.25, 'buffer_max': 0.5, 'summary_max': 0.7}}",cwru_237_w0052_test,3,Outer Race Fault
0.770897388458252,0.0002787730481941253,0.8999999761581421,1.0,0.504915177822113,0.433252191968495,0.433252191968495,BUFFER,,"{'weights': {'novelty': 0.2, 'uncertainty': 0.2, 'task_relevance': 0.2, 'temporal_importance': 0.2, 'resource_cost': 0.2}, 'thresholds': {'discard_max': 0.25, 'buffer_max': 0.5, 'summary_max': 0.7}}",cwru_237_w0053_test,3,Outer Race Fault
0.7757931351661682,0.00023307971423491836,0.8999999761581421,1.0,0.504915177822113,0.4342222026432864,0.4342222026432864,BUFFER,,"{'weights': {'novelty': 0.2, 'uncertainty': 0.2, 'task_relevance': 0.2, 'temporal_importance': 0.2, 'resource_cost': 0.2}, 'thresholds': {'discard_max': 0.25, 'buffer_max': 0.5, 'summary_max': 0.7}}",cwru_237_w0054_test,3,Outer Race Fault
0.7707582712173462,0.00029683986213058233,0.8999999761581421,1.0,0.504915177822113,0.43322798188310124,0.43322798188310124,BUFFER,,"{'weights': {'novelty': 0.2, 'uncertainty': 0.2, 'task_relevance': 0.2, 'temporal_importance': 0.2, 'resource_cost': 0.2}, 'thresholds': {'discard_max': 0.25, 'buffer_max': 0.5, 'summary_max': 0.7}}",cwru_237_w0055_test,3,Outer Race Fault
0.7719531059265137,0.00029419144266285,0.8999999761581421,1.0,0.504915177822113,0.43346641914104106,0.43346641914104106,BUFFER,,"{'weights': {'novelty': 0.2, 'uncertainty': 0.2, 'task_relevance': 0.2, 'temporal_importance': 0.2, 'resource_cost': 0.2}, 'thresholds': {'discard_max': 0.25, 'buffer_max': 0.5, 'summary_max': 0.7}}",cwru_237_w0056_test,3,Outer Race Fault
0.7397875785827637,0.0010013425489887595,0.8999999761581421,1.0,0.504915177822113,0.4271747438935564,0.4271747438935564,BUFFER,,"{'weights': {'novelty': 0.2, 'uncertainty': 0.2, 'task_relevance': 0.2, 'temporal_importance': 0.2, 'resource_cost': 0.2}, 'thresholds': {'discard_max': 0.25, 'buffer_max': 0.5, 'summary_max': 0.7}}",cwru_237_w0057_test,3,Outer Race Fault
